count,item_1,item_2,lift
1,Chocolate Brownie (Thickshake),Mango (Thickshake),3788.9999999999995
1,Ice Cream,Strawberry Banana (Thickshake),2841.7499999999995
1,Choco-Chip Banana (Thickshake),Peanut Butter Banana (Thickshake),2841.7499999999995
1,Choco-Chip Banana (Milkshake),Peanut Butter Masala (Milkshake),1894.4999999999998
1,Peanut Butter Shake (Thickshake),Strawberry Banana (Thickshake),1420.8749999999998
1,Oreo Go Nuts Shake (Milkshake),Peanut Butter Brownie Shake (Thickshake),1136.7
1,5 Star Shake (Thickshake),Fruit-A-List Shake (Thickshake),1033.3636363636365
1,Choco-chip Banana (Thickshake),Oreo Brownie (Milkshake),947.2499999999999
1,Choco-Chip,Chocolate Waffle,710.4374999999999
1,Chilli Pineapple Cooler,Peanut Butter Banana (Milkshake),631.5
1,Chocolate Brownie (Thickshake),Oreo 'Go' Nuts Shake (Thickshake),541.2857142857142
1,Coffee Brownie (Thickshake),Oreo Brownie (Thickshake),516.6818181818182
1,Chilli Guava Cooler,Mango (Thickshake),473.62499999999994
1,Caramel Shake (Thickshake),Peanut Butter Banana (Thickshake),454.68
1,Lemonade,Red Velvet,454.68
1,Choco Chip Brownie (Thickshake),Choco-Chip Banana (Thickshake),405.9642857142857
1,Coffee Brownie (Milkshake),Peanut Butter Shake (Thickshake),355.21874999999994
1,Oreo,Waffle Special Offer,334.3235294117647
1,Chilli Pineapple Cooler,Oreo Banana (Thickshake),315.75
1,Blackcurrent Shake (Milkshake),Mango (Thickshake),315.75
1,Dates Shake (Thickshake),Snickers Shake (Thickshake),315.74999999999994
1,Cold Coffee Cooler,Peanut Butter Banana (Milkshake),307.2162162162162
1,Cold Coffee Cooler,Mango (Thickshake),307.2162162162162
3,Kitkat,Waffle Special Offer,286.56302521008405
1,Blue Curacao Cooler,Oreo,270.6428571428571
1,Cookie N Cream Shake (Milkshake),Oreo Brownie (Milkshake),236.81249999999997
1,Brownie Nuts Shake (Milkshake),Coffee Brownie (Thickshake),227.34
1,5 Star Shake (Thickshake),Oreo Shake (Thickshake),183.33870967741936
2,Chilli Pineapple Cooler,Oreo Banana (Milkshake),180.42857142857144
1,Blue Curacao Cooler,Kitkat Shake (Thickshake),180.42857142857142
1,Mango (Milkshake),Strawberry Banana (Milkshake),172.22727272727272
1,Choco-Chip,Waffle Special Offer,167.16176470588235
2,Chocolate Shake (Thickshake),Munch Shake (Thickshake),161.23404255319147
1,Blackcurrent Shake (Milkshake),Classic Waffles,157.875
1,Chilli Pineapple Cooler,Chocolate Brownie (Milkshake),157.875
4,Chilli Guava Cooler,Oreo Brownie (Milkshake),157.87499999999997
1,Choco-Chip Banana (Milkshake),Oreo Brownie (Milkshake),157.87499999999997
1,Chilli Guava Cooler,Chocolate Brownie (Thickshake),157.87499999999997
2,Blue Curacao Cooler,Choco Chip Brownie (Thickshake),154.6530612244898
1,Cold Coffee Cooler,Oreo,153.6081081081081
1,Caramel Shake (Thickshake),Munch Shake (Thickshake),151.56
1,Banana Crunch Shake (Thickshake),Fruit-A-List Shake (Thickshake),147.62337662337663
1,Dates Shake (Thickshake),Strawberry Banana Shake (Thickshake),145.73076923076923
1,Coffee Brownie (Milkshake),Peanut Butter Brownie Shake (Thickshake),142.0875
1,Blackcurrant Crunch Shake (Milkshake),Strawberry Crunch Shake (Thickshake),142.0875
2,Ice Cream,Waffle,140.33333333333331
1,Oreo Go Nuts Shake (Milkshake),Waffle,140.33333333333331
1,Blue Curacao Cooler,Chocolate Waffle,135.32142857142856
1,Banana Fruit Walker (Milkshake),Choco Oreo Shake (Thickshake),132.17441860465115
1,Choco Chip Brownie (Milkshake),Choco Dip Cookies Shake (Milkshake),126.29999999999998
1,Choco-A-List Shake (Thickshake),Choco-Dip Cookies Shake (Thickshake),124.91208791208794
1,Coffee Brownie (Milkshake),Oreo Brownie (Milkshake),118.40624999999999
1,Chilli Guava Cooler,Cookie N Cream Shake (Milkshake),118.40624999999999
2,Chilli Pineapple Cooler,Fruit A List Shake (Milkshake),114.81818181818183
1,Caramel Shake (Thickshake),Choco-Chip Banana (Thickshake),113.67
2,Coffee Brownie (Milkshake),Kulfi Nuts Shake (Thickshake),113.67
1,Chocolate Waffle,Strawberry Banana Shake (Thickshake),109.29807692307693
1,Chocolate Strawberry Shake (Milkshake),Oreo,109.29807692307693
1,Choco Chip Brownie (Milkshake),Oreo Banana (Milkshake),108.25714285714287
1,Banana Crunch (Thickshake),Belgium Dark Chocolate Shake (Thickshake),108.25714285714285
1,Blackcurrent Shake (Milkshake),Chocolate Brownie (Thickshake),105.25
1,Chocolate Brownie (Thickshake),Cold Coffee Cooler,102.4054054054054
1,Banana Fruit Walker (Milkshake),Coffee Shake (Milkshake),94.72500000000001
1,Coffee Brownie (Thickshake),Hazelnut Shake (Thickshake),94.72500000000001
1,Oreo Brownie (Milkshake),Peanut Butter Brownie Shake (Thickshake),94.725
1,Mango Shake (Thickshake),Pan Shake (Thickshake),92.41463414634146
1,Oreo Shake (Thickshake),Strawberry Banana (Thickshake),91.66935483870968
1,Cookest N Cream Shake (Thickshake),Snickers Shake (Thickshake),86.11363636363636
1,Classic Lemonade Cooler,Kitkat Shake (Milkshake),86.11363636363636
1,Choco-Chip Banana (Milkshake),Mango (Milkshake),86.11363636363636
2,Mango (Milkshake),Oreo Brownie (Milkshake),86.11363636363636
2,Dates Shake (Milkshake),Oreo Banana (Milkshake),85.46616541353384
1,Choco Chip Brownie (Milkshake),Peanut Butter Shake (Milkshake),84.2
1,Banana Fruit Walker (Milkshake),Kulfi Nuts Shake (Milkshake),83.58088235294117
4,Kitkat,Waffle,80.19047619047619
1,Banana Shake (Thickshake),Choco-Chip Banana Shake (Thickshake),78.9375
1,Blackcurrent Shake (Milkshake),Cookie N Cream Shake (Milkshake),78.9375
1,Kitkat Shake (Milkshake),Oreo Brownie (Milkshake),78.93749999999999
1,Blackcurrent Crunch (Milkshake),Cold Coffee Cooler,76.80405405405405
1,Chocolate Brownie (Milkshake),Cold Coffee Cooler,76.80405405405405
1,Oreo Brownie Shake (Thickshake),Strawberry Banana (Milkshake),74.29411764705881
1,Mango (Milkshake),Oreo Banana (Milkshake),73.81168831168831
1,Blackcurrant Shake (Thickshake),Choco-Chip,72.86538461538461
1,Day-night Waffles,Pan Shake (Milkshake),72.86538461538461
1,Caramel Shake (Milkshake),Peanut Butter Banana (Thickshake),71.49056603773585
2,Choco-Chip,Waffle,70.16666666666666
1,Strawberry Banana (Thickshake),Waffle,70.16666666666666
1,Oreo Banana (Thickshake),Waffle,70.16666666666666
1,Choco-Chip,Dry Fruit Shake (Thickshake),69.3109756097561
1,Chocolate Waffle,Dry Fruit Shake (Thickshake),69.3109756097561
1,Chilli Guava Cooler,Oreo Banana (Milkshake),67.66071428571428
1,Peanut Butter Brownie Shake (Thickshake),Waffle Special Offer,66.86470588235294
1,Choco Oreo Shake (Thickshake),Peanut Butter Shake (Thickshake),66.08720930232558
2,Blackcurrant Crunch Shake (Milkshake),Strawberry Crunch Shake (Milkshake),63.150000000000006
1,Choco Chip Brownie (Milkshake),Oreo Brownie (Milkshake),63.14999999999999
1,Kitkat,Snickers Shake (Milkshake),62.45604395604397
1,Choco Chip Brownie (Thickshake),Strawberry Banana Shake (Thickshake),62.45604395604397
1,Oreo Banana Shake (Thickshake),Strawberry Banana Shake (Thickshake),62.45604395604397
1,Fruit A List Shake (Milkshake),Peanut Butter Brownie Shake (Milkshake),60.78609625668449
1,Chocolate Shake (Thickshake),Peanut Butter Shake (Thickshake),60.462765957446805
1,Kulfi Shake (Milkshake),Strawberry Banana (Milkshake),60.14285714285714
1,Kulfi Shake (Milkshake),Rose Lemonade,60.14285714285714
1,Chilli Guava Cooler,Coffee Brownie (Milkshake),59.20312499999999
1,Chilli Pineapple Cooler,Classic Lemonade Cooler,57.409090909090914
1,Coffee Brownie (Thickshake),Nutella Brownie Shake (Thickshake),57.4090909090909
1,Brownie Nuts (Thickshake),Nutella Brownie Shake (Thickshake),57.4090909090909
2,Green Apple,Watermelon,56.4119106699752
1,Chocolate Strawberry Shake (Milkshake),Lichi,54.64903846153847
1,Cookest N Cream Shake (Milkshake),Lichi,52.625
1,Chilli Pineapple Cooler,Kitkat Shake (Milkshake),52.625
1,Chilli Pineapple Cooler,Oreo Brownie (Milkshake),52.625
3,Chilli Pineapple Cooler,Cold Coffee Cooler,51.20270270270271
1,Choco Dip Cookies Shake (Milkshake),Cold Coffee Cooler,51.2027027027027
2,Ice Crush Coffee,Mocha Coffee,50.745535714285715
1,Kulfi Shake (Thickshake),Snickers Shake (Thickshake),49.85526315789473
1,Blue Curacao Cooler,Classic Lemonade Cooler,49.2077922077922
3,Brownie Nuts Shake (Thickshake),Strawberry Shake (Thickshake),48.71571428571429
2,Choco-Dip Cookies Shake (Milkshake),Peanut Butter Shake (Milkshake),48.57692307692308
1,Biscoff,Peanut Butter Brownie Shake (Milkshake),47.760504201680675
1,Coffee Shake (Milkshake),Cookie N Cream Shake (Milkshake),47.362500000000004
1,Chilli Guava Cooler,Peanut Butter Brownie Shake (Thickshake),47.3625
6,Chilli Pineapple Cooler,Waffle,46.777777777777786
1,Choco Dip Cookies Shake (Milkshake),Mango Shake (Thickshake),46.20731707317073
1,Oreo Shake (Thickshake),Peanut Butter Shake (Thickshake),45.83467741935484
1,Berryblast,Pineapple Mojito,45.467999999999996
1,Blackcurrent Shake (Milkshake),Oreo Banana (Milkshake),45.10714285714286
1,Cold Coffee Cooler,Oreo Banana (Milkshake),43.88803088803089
1,Bubblegum,Choco-Dip Cookies Shake (Milkshake),43.719230769230776
1,Kitkat Shake (Milkshake),Mango (Milkshake),43.05681818181818
1,Chilli Guava Cooler,Classic Lemonade Cooler,43.05681818181818
1,Chilli Guava Cooler,Fruit A List Shake (Milkshake),43.05681818181818
1,Banana Crunch Shake (Thickshake),Dates Shake (Milkshake),42.73308270676692
1,Blackcurrant Crunch Shake (Thickshake),Coffee Brownie Shake (Thickshake),40.30851063829787
1,Fruit A List Shake (Milkshake),Pan Shake (Milkshake),39.74475524475525
1,Mango Shake (Thickshake),Oreo Banana Shake (Thickshake),39.60627177700349
3,Blackcurrent Shake (Milkshake),Chilli Guava Cooler,39.46875
1,Chilli Guava Cooler,Kitkat Shake (Milkshake),39.46874999999999
1,Banana Crunch (Thickshake),Hazelnut Shake (Milkshake),38.79522184300342
1,Strawberry Crunch Shake (Milkshake),Waffle Special Offer,37.14705882352941
1,Day-night Waffles,Nutella Waffles,37.147058823529406
2,Dry Fruit Waffles,Green Apple,36.667741935483875
1,Snickers Shake (Thickshake),Strawberry Banana Shake (Thickshake),36.43269230769231
2,Cold Coffee Cooler,Waffle Special Offer,36.14308426073132
1,Kulfi Shake (Milkshake),Munch Shake (Milkshake),36.08571428571429
1,Blueberry,Pineapple Mojito,35.521875
1,Choco-Chip,Choco-Chip Brownie Shake (Thickshake),35.08333333333333
1,Caramel Shake (Thickshake),Choco-Dip Cookies Shake (Thickshake),34.97538461538461
1,Choco-Chip Banana Shake (Thickshake),Mango Shake (Thickshake),34.65548780487805
1,Coffee Brownie Shake (Thickshake),Kitkat,34.55015197568389
1,Anjir,Dry Fruit Shake (Milkshake),33.7299703264095
2,Fruit-A-List Shake (Thickshake),Oreo Shake (Thickshake),33.334310850439884
1,Kulfi Shake (Thickshake),Oreo 'Go' Nuts Shake (Milkshake),33.23684210526316
2,Chilli Pineapple Cooler,Dates Shake (Milkshake),33.23684210526316
3,Mango Shake (Thickshake),Strawberry Banana Shake (Thickshake),31.989681050656667
1,Blue Curacao Cooler,Waffle Special Offer,31.840336134453782
1,Banana Crunch Shake (Milkshake),Strawberry Crunch Shake (Milkshake),31.575000000000003
1,Choco-Chip Banana (Milkshake),Coffee Shake (Milkshake),31.574999999999996
1,Peanut Butter Banana Shake (Milkshake),Pineapple,30.393048128342244
1,Choco-chip Banana (Thickshake),Wonder Vanilla Shake (Milkshake),30.071428571428573
1,Choco Chip Brownie (Thickshake),Coffee Shake (Thickshake),29.52467532467533
1,Fruit A List Shake (Thickshake),Strawberry Cooler,29.448186528497406
2,Blue Curacao Cooler,Cold Coffee Cooler,29.258687258687257
5,Chilli Guava Cooler,Waffle,29.236111111111107
1,Blackcurrent Shake (Milkshake),Fruit A List Shake (Milkshake),28.704545454545457
1,Banana Crunch Shake (Milkshake),Blackcurrant Crunch Shake (Milkshake),28.4175
2,Choco-Dip Cookies Shake (Thickshake),Oreo Shake (Thickshake),28.2059553349876
1,Classic Lemonade Cooler,Cold Coffee Cooler,27.92874692874693
1,Chilli Guava Cooler,Peanut Butter Brownie Shake (Milkshake),27.860294117647058
1,Classic Lemonade,Red Velvet,27.656934306569347
1,Choco Chip Brownie (Thickshake),Hazelnut Shake (Thickshake),27.064285714285717
1,Berryblast,Pineapple,26.745882352941177
4,Blue Curacao Cooler,Waffle,26.730158730158728
1,Chilli Guava Cooler,Chilli Pineapple Cooler,26.3125
1,Choco-A-List Shake (Thickshake),Oreo Shake (Thickshake),26.191244239631338
1,Kitkat,Kulfi Shake (Milkshake),25.775510204081634
1,Snickers Shake (Milkshake),Waffle Special Offer,25.717194570135746
1,Blueberry,Ice Crush Coffee,25.372767857142858
2,Caramel Shake (Thickshake),Wonder Vanilla Shake (Thickshake),25.260000000000005
1,Chilli Pineapple Cooler,Kulfi Nuts Shake (Thickshake),25.260000000000005
1,Banana Shake (Thickshake),Kulfi Nuts Shake (Thickshake),25.260000000000005
2,Mango (Milkshake),Mango Shake (Thickshake),25.2039911308204
1,Dates Shake (Milkshake),Kitkat Shake (Milkshake),24.927631578947366
2,Chilli Guava Cooler,Dates Shake (Milkshake),24.927631578947366
1,Dates Shake (Milkshake),Oreo Brownie (Milkshake),24.927631578947366
1,Brownie Nuts Shake (Thickshake),Coffee Brownie Shake (Thickshake),24.185106382978724
1,Kulfi Nuts Shake (Thickshake),Kulfi Shake (Thickshake),23.930526315789475
1,Caramel Shake (Thickshake),Kulfi Shake (Thickshake),23.930526315789475
1,Choco Chip Brownie (Thickshake),Kulfi Nuts Shake (Milkshake),23.880252100840337
1,Choco-Dip Cookies Shake (Thickshake),Cold Coffee Cooler,23.632016632016633
1,Mango (Milkshake),Peanut Butter Banana Shake (Milkshake),23.485537190082642
1,Banana Shake (Milkshake),Strawberry Banana (Milkshake),23.388888888888886
1,Choco-Chip Brownie Shake (Thickshake),Peanut Butter Banana Shake (Thickshake),23.388888888888886
2,Blackcurrant Shake (Thickshake),Caramel Shake (Thickshake),23.31692307692308
1,Mango Shake (Thickshake),Oreo Brownie (Milkshake),23.103658536585364
2,Blueberry,Green Apple,22.91733870967742
1,Berryblast,Dry Fruit Waffles,22.733999999999998
1,Blackcurrant Crunch Shake (Milkshake),Lemonade,22.733999999999998
1,Banana Crunch Shake (Milkshake),Brownie Nuts Shake (Milkshake),22.733999999999998
1,Coffee Brownie (Milkshake),Kulfi Shake (Milkshake),22.55357142857143
1,Blue Curacao Cooler,Chilli Guava Cooler,22.553571428571427
1,Coffee Brownie Shake (Thickshake),Cookest N Cream Shake (Thickshake),21.986460348162474
1,Choco Oreo Shake (Milkshake),Classic Waffles,21.286516853932586
3,Oreo Shake (Thickshake),Strawberry Banana Shake (Thickshake),21.1544665012407
1,Blackcurrent Shake (Milkshake),Choco Chip Brownie (Milkshake),21.05
1,Blue Curacao Cooler,Strawberry Banana Shake (Thickshake),20.81868131868132
1,Brownie Nuts Shake (Milkshake),Mango (Milkshake),20.667272727272728
1,Kulfi Nuts Shake (Thickshake),Peanut Butter Banana Shake (Milkshake),20.667272727272728
2,Mango (Milkshake),Oreo Brownie Shake (Thickshake),20.262032085561497
1,Mango Shake (Milkshake),Peanut Butter Banana (Thickshake),19.36456558773424
1,Chocolate Strawberry Shake (Thickshake),Cold Coffee Cooler,19.201013513513512
1,Nutella Brownie Shake (Thickshake),Peanut Butter Banana Shake (Thickshake),19.136363636363633
1,Chilli Guava Cooler,Kulfi Nuts Shake (Thickshake),18.945
1,Fruit-A-List Shake (Milkshake),Peanut Butter Shake (Milkshake),18.850746268656717
2,Choco Chip Brownie (Milkshake),Waffle,18.711111111111112
4,Blackcurrent Shake (Milkshake),Kulfi Nuts Shake (Milkshake),18.573529411764707
1,Blackcurrant Shake (Thickshake),Chocolate Strawberry Shake (Thickshake),18.216346153846153
1,Chilli Guava Cooler,Pan Shake (Milkshake),18.216346153846153
3,Kulfi Shake (Thickshake),Nutella Brownie Shake (Thickshake),18.129186602870814
1,Belgium Dark Chocolate Shake (Thickshake),Peanut Butter Banana Shake (Thickshake),18.04285714285714
1,Caramel Shake (Milkshake),Choco-Chip Banana (Thickshake),17.87264150943396
1,Caramel Shake (Milkshake),Lichi,17.87264150943396
1,Blackcurrant Shake (Milkshake),Coffee Brownie (Thickshake),17.816614420062695
1,Blackcurrent Shake (Milkshake),Chilli Pineapple Cooler,17.541666666666668
1,Kulfi Nuts Shake (Thickshake),Strawberry Banana Shake (Thickshake),17.487692307692306
3,Belgium Dark Chocolate Shake (Thickshake),Kulfi Shake (Thickshake),17.093233082706767
1,Cold Coffee Cooler,Strawberry Crunch Shake (Milkshake),17.06756756756757
2,Brownie Nuts Shake (Milkshake),Cookest N Cream Shake (Milkshake),16.84
1,Choco-Chip Brownie Shake (Milkshake),Ice Cream,16.716176470588238
1,Choco-Chip Brownie Shake (Milkshake),Strawberry Banana (Thickshake),16.716176470588238
1,Kulfi Shake (Thickshake),Wonder Vanilla Shake (Thickshake),16.61842105263158
1,Choco Oreo Shake (Thickshake),Chocolate Strawberry Shake (Thickshake),16.521802325581394
2,Waffle,Waffle Special Offer,16.509803921568626
1,Choco Chip Brownie (Thickshake),Nutella Brownie Shake (Thickshake),16.4025974025974
1,Choco-A-List Shake (Thickshake),Nutella Brownie Shake (Thickshake),16.4025974025974
1,Nutella Brownie Shake (Thickshake),Oreo 'Go' Nuts Shake (Thickshake),16.4025974025974
1,Cookest N Cream Shake (Milkshake),Watermelon,16.192307692307693
1,Ice Crush Coffee,Nutella Waffles,15.920168067226891
1,Coffee Shake (Milkshake),Kitkat Shake (Milkshake),15.787499999999998
1,Coffee Shake (Milkshake),Snickers Shake (Thickshake),15.787499999999998
1,Coffee Shake (Milkshake),Oreo Brownie (Milkshake),15.787499999999998
1,Choco-Chip Banana Shake (Milkshake),Waffle Special Offer,15.549931600547195
1,Choco Oreo Shake (Thickshake),Waffle Special Offer,15.549931600547195
1,Belgium Dark Chocolate Shake (Thickshake),Oreo 'Go' Nuts Shake (Thickshake),15.465306122448979
1,Classic Lemonade Cooler,Fruit-A-List Shake (Milkshake),15.423337856173676
1,Chilli Pineapple Cooler,Dry Fruit Shake (Thickshake),15.402439024390247
1,Banana Crunch Shake (Milkshake),Cold Coffee Cooler,15.360810810810811
1,Blackcurrant Crunch Shake (Milkshake),Cold Coffee Cooler,15.360810810810811
1,Kitkat Shake (Milkshake),Oreo Shake (Thickshake),15.278225806451612
1,Chocolate Shake (Thickshake),Chocolate Strawberry Shake (Thickshake),15.115691489361701
1,Banana Crunch Shake (Milkshake),Dates Shake (Milkshake),14.956578947368422
2,Choco-Chip Banana Shake (Milkshake),Oreo Banana Shake (Milkshake),14.686046511627907
2,Coffee Shake (Milkshake),Snickers Shake (Milkshake),14.573076923076924
1,Blackcurrent Shake (Milkshake),Peanut Butter Banana Shake (Milkshake),14.352272727272728
1,Oreo Banana Shake (Milkshake),Peanut Butter Banana Shake (Milkshake),14.352272727272728
2,Chocolate Strawberry Shake (Thickshake),Nutella Brownie Shake (Thickshake),14.352272727272725
2,Choco-Chip Banana Shake (Milkshake),Cold Coffee Cooler,14.289126335637963
1,Chocolate Shake (Thickshake),Waffle Special Offer,14.226533166458072
1,Berryblast,Blueberry,14.20875
1,Choco Oreo Shake (Milkshake),Kitkat Shake (Thickshake),14.191011235955056
1,Peanut Butter Brownie Shake (Thickshake),Waffle,14.033333333333333
1,Kulfi Nuts Shake (Milkshake),Snickers Shake (Thickshake),13.930147058823529
1,Kitkat Shake (Milkshake),Kulfi Nuts Shake (Milkshake),13.930147058823529
4,Chocolate Shake (Thickshake),Strawberry Shake (Thickshake),13.820060790273555
1,Dates Shake (Milkshake),Mango (Milkshake),13.596889952153111
2,Belgium Dark Chocolate Shake (Thickshake),Chocolate Strawberry Shake (Thickshake),13.532142857142857
1,Banana Crunch Shake (Milkshake),Choco Oreo Shake (Thickshake),13.217441860465117
3,Belgium Dark Chocolate Shake (Thickshake),Kulfi Nuts Shake (Thickshake),12.990857142857143
1,Hazelnut Shake (Milkshake),Munch Shake (Thickshake),12.93174061433447
1,Brownie Nuts (Thickshake),Oreo Shake (Milkshake),12.917045454545455
1,Coffee Brownie (Thickshake),Oreo Shake (Milkshake),12.917045454545455
1,Coffee Brownie Shake (Milkshake),Peanut Butter Banana Shake (Thickshake),12.800675675675675
1,Chilli Guava Cooler,Cold Coffee Cooler,12.800675675675675
1,Banana Crunch Shake (Thickshake),Custard Apple (sitaphal),12.686383928571429
1,Berryblast,Oreo Banana Shake (Milkshake),12.630000000000003
1,Blackcurrent Shake (Milkshake),Brownie Nuts Shake (Milkshake),12.630000000000003
1,Peanut Butter Banana (Thickshake),Strawberry Shake (Milkshake),12.560220994475138
1,Mango (Thickshake),Strawberry Shake (Milkshake),12.560220994475138
6,Oreo Banana Shake (Milkshake),Strawberry Banana Shake (Milkshake),12.54635761589404
1,Rose,Strawberry Banana Shake (Milkshake),12.546357615894038
1,Choco-Dip Cookies Shake (Thickshake),Strawberry Shake (Thickshake),12.491208791208793
1,Cookest N Cream Shake (Milkshake),Peanut Butter Brownie Shake (Milkshake),12.38235294117647
1,Cold Coffee Cooler,Lemonade,12.288648648648648
1,Oreo Banana Shake (Milkshake),Snickers Shake (Milkshake),12.14423076923077
1,Chocolate Strawberry Shake (Milkshake),Oreo 'Go' Nuts Shake (Milkshake),12.14423076923077
1,Hazelnut Coffee,Oreo Banana Shake (Milkshake),12.14423076923077
1,Blackcurrent Shake (Milkshake),Pan Shake (Milkshake),12.14423076923077
1,Choco Chip Brownie (Milkshake),Kulfi Shake (Milkshake),12.028571428571428
1,Berryblast,Dates Shake (Milkshake),11.965263157894737
3,Mango Shake (Thickshake),Strawberry Shake (Thickshake),11.881881533101048
2,Chocolate Shake (Thickshake),Mango Shake (Thickshake),11.79761286974572
1,Blue Curacao Cooler,Coffee Brownie Shake (Thickshake),11.516717325227964
1,Belgium Dark Chocolate Brownie Shake (Milkshake),Chocolate Brownie (Milkshake),11.412650602409636
11,Belgium Dark Chocolate Brownie Shake (Thickshake),Nutella Brownie Shake (Thickshake),11.378378378378377
1,Nutella Brownie Shake (Milkshake),Strawberry Crunch Shake (Thickshake),11.276785714285715
1,Cookie N Cream Shake (Milkshake),Nutella Brownie Shake (Milkshake),11.276785714285715
1,Blue Curacao Cooler,Chocolate Brownie Shake (Thickshake),11.276785714285714
1,Dry Fruit Shake (Milkshake),Pan Shake (Thickshake),11.243323442136498
1,Dry Fruit Shake (Thickshake),Kulfi Nuts Shake (Thickshake),11.089756097560976
1,Coffee Brownie Shake (Thickshake),Mango (Milkshake),10.993230174081237
1,Blackcurrant Crunch Shake (Milkshake),Choco-Dip Cookies Shake (Milkshake),10.929807692307694
1,Coffee Shake (Thickshake),Kulfi Shake (Thickshake),10.877511961722488
1,Choco-A-List Shake (Milkshake),Choco-Chip Brownie Shake (Thickshake),10.794871794871796
1,Oreo Banana Shake (Thickshake),Strawberry Banana Shake (Milkshake),10.754020813623464
1,Choco Oreo Shake (Milkshake),Lichi,10.643258426966293
1,Nutella Brownie Shake (Thickshake),Oreo Brownie (Thickshake),10.438016528925619
1,Cookest N Cream Shake (Thickshake),Nutella Brownie Shake (Thickshake),10.438016528925619
3,Biscoff,Kitkat Shake,10.19157202630006
1,Choco-Chip Banana Shake (Milkshake),Snickers Shake (Milkshake),10.167262969588553
1,Chilli Guava Cooler,Chocolate Shake (Thickshake),10.077127659574467
1,Coffee Shake (Milkshake),Kulfi Shake (Thickshake),9.971052631578948
1,Blue Curacao,Ice Cream,9.8671875
1,Blue Curacao,Fruit A List Shake (Thickshake),9.8671875
1,Blue Curacao Cooler,Coffee Shake (Thickshake),9.841558441558442
1,Belgium Dark Chocolate Shake (Thickshake),Classic Lemonade Cooler,9.84155844155844
1,Belgium Dark Chocolate Shake (Thickshake),Cookest N Cream Shake (Thickshake),9.84155844155844
2,Belgium Dark Chocolate Shake (Thickshake),Mango (Milkshake),9.84155844155844
1,Choco Dip Cookies Shake (Milkshake),Strawberry Cooler,9.816062176165802
1,Blackcurrant Crunch Shake (Thickshake),Strawberry Cooler,9.816062176165802
1,Cookie N Cream Shake (Milkshake),Hazelnut Shake (Milkshake),9.698805460750854
1,Coffee Brownie (Thickshake),Mango Shake (Milkshake),9.68228279386712
2,Choco-Chip Banana (Thickshake),Mango Shake (Milkshake),9.68228279386712
2,Dry Fruit Shake (Milkshake),Oreo 'Go' Nuts Shake (Thickshake),9.637134378974142
1,Cookest N Cream Shake (Milkshake),Mango (Milkshake),9.568181818181817
1,Nutella Brownie Shake (Thickshake),Oreo Brownie (Milkshake),9.568181818181817
1,Nutella Brownie Shake (Thickshake),Snickers Shake (Thickshake),9.568181818181817
4,Belgium Dark Chocolate Brownie Shake (Thickshake),Choco Oreo Shake (Thickshake),9.526084223758643
1,Coffee Brownie (Milkshake),Strawberry Banana Shake (Milkshake),9.40976821192053
1,Belgium Dark Chocolate Brownie Shake (Thickshake),Fruit-A-List Shake (Thickshake),9.309582309582309
1,Chocolate Shake (Thickshake),Snickers Shake (Milkshake),9.301963993453356
1,Kulfi Nuts Shake (Milkshake),Oreo 'Go' Nuts Shake (Milkshake),9.286764705882353
1,Choco Dip Cookies Shake (Milkshake),Oreo Brownie Shake (Milkshake),9.286764705882351
5,Mango Shake (Thickshake),Strawberry Banana Shake (Milkshake),9.18026167016637
1,Belgium Dark Chocolate Brownie Shake (Milkshake),Bubblegum,9.13012048192771
5,Belgium Dark Chocolate Shake (Thickshake),Hazelnut Shake (Thickshake),9.02142857142857
1,Belgium Dark Chocolate Shake (Thickshake),Kitkat Shake (Milkshake),9.02142857142857
2,Mango Shake (Thickshake),Oreo Shake (Thickshake),8.943351691581434
1,Green Apple,Red Velvet Shake,8.943351691581434
3,Caramel Shake (Milkshake),Chilli Guava Cooler,8.93632075471698
1,Caramel Shake (Thickshake),Oreo Brownie Shake (Thickshake),8.915294117647058
1,Kulfi Nuts Shake (Thickshake),Oreo Brownie Shake (Thickshake),8.915294117647058
1,Blackcurrant Shake (Milkshake),Choco-Chip,8.908307210031348
2,Nutella Brownie Shake (Thickshake),Strawberry Banana Shake (Thickshake),8.832167832167832
1,Kulfi Nuts Shake (Milkshake),Kulfi Shake (Thickshake),8.797987616099071
2,Hazelnut Shake (Milkshake),Peanut Butter Shake (Milkshake),8.621160409556316
1,Chilli Guava Cooler,Coffee Shake (Thickshake),8.611363636363636
1,Chocolate Brownie (Thickshake),Oreo Shake (Milkshake),8.611363636363636
1,Hazelnut Shake (Thickshake),Peanut Butter Banana Shake (Milkshake),8.611363636363636
2,Oreo Banana (Milkshake),Wonder Vanilla Shake (Milkshake),8.591836734693878
1,Coffee Brownie Shake (Milkshake),Peanut Butter Shake (Milkshake),8.533783783783784
1,Blackcurrent Shake (Milkshake),Cold Coffee Cooler,8.533783783783784
1,Chocolate Brownie (Milkshake),Dry Fruit Shake (Milkshake),8.432492581602375
1,Blackcurrent Crunch (Milkshake),Dry Fruit Shake (Milkshake),8.432492581602375
1,Cookie N Cream Shake (Milkshake),Dry Fruit Shake (Milkshake),8.432492581602375
1,Peanut Butter Shake (Milkshake),Strawberry Banana Shake (Milkshake),8.364238410596027
1,Banana Crunch Shake (Milkshake),Kulfi Nuts Shake (Milkshake),8.358088235294117
1,Mango (Milkshake),Oreo Shake (Thickshake),8.333577712609971
1,Choco-Chip Brownie Shake (Thickshake),Waffle Special Offer,8.254901960784313
2,Belgium Dark Chocolate Brownie Shake (Thickshake),Kulfi Nuts Shake (Thickshake),8.192432432432431
1,Blackcurrant Crunch Shake (Milkshake),Strawberry Shake (Thickshake),8.119285714285715
3,Belgium Dark Chocolate Brownie Shake (Milkshake),Peanut Butter Brownie Shake (Milkshake),8.05598866052445
4,Belgium Dark Chocolate Brownie Shake (Thickshake),Oreo Brownie Shake (Thickshake),8.031796502384738
1,Oreo Banana Shake (Thickshake),Oreo Brownie Shake (Milkshake),7.9600840336134455
1,Blue Curacao Cooler,Kulfi Nuts Shake (Milkshake),7.9600840336134455
1,Coffee Shake (Thickshake),Strawberry Banana Shake (Thickshake),7.94895104895105
1,Kitkat Shake,Rose,7.926778242677823
3,Belgium Dark Chocolate Shake (Thickshake),Dry Fruit Shake (Thickshake),7.921254355400697
1,Chilli Guava Cooler,Coffee Shake (Milkshake),7.893749999999999
1,Fruit-A-List Shake (Milkshake),Mango (Milkshake),7.711668928086838
1,Blackcurrent Shake (Milkshake),Mango Shake (Thickshake),7.701219512195124
1,Coffee Brownie Shake (Milkshake),Peanut Butter Brownie Shake (Thickshake),7.680405405405406
1,Choco Chip Brownie (Milkshake),Nutella Brownie Shake (Thickshake),7.654545454545454
7,Belgium Dark Chocolate Shake (Thickshake),Nutella Brownie Shake (Thickshake),7.654545454545453
1,Kulfi Nuts Shake (Milkshake),Mango (Milkshake),7.598262032085561
1,Hazelnut Shake (Thickshake),Lemonade,7.578
1,Hazelnut Shake (Thickshake),Kulfi Nuts Shake (Thickshake),7.578
1,Brownie Nuts Shake (Milkshake),Hazelnut Shake (Thickshake),7.578
1,Caramel Shake (Thickshake),Hazelnut Shake (Thickshake),7.578
1,Chilli Guava Cooler,Kulfi Shake (Milkshake),7.517857142857142
1,Choco-Chip Banana (Milkshake),Nutella Brownie Shake (Milkshake),7.517857142857142
8,Blackcurrent Shake (Milkshake),Dry Fruit Shake (Milkshake),7.4955489614243325
1,Cold Coffee Cooler,Dry Fruit Shake (Thickshake),7.493078444297957
3,Belgium Dark Chocolate Brownie Shake (Thickshake),Mango Shake (Thickshake),7.493078444297957
1,Cold Coffee Cooler,Mango Shake (Thickshake),7.493078444297957
2,Coffee Shake (Milkshake),Oreo Brownie Shake (Thickshake),7.429411764705882
1,Choco-Chip Brownie Shake (Thickshake),Kulfi Shake (Thickshake),7.385964912280702
1,Mango (Milkshake),Strawberry Shake (Thickshake),7.38116883116883
3,Coffee Brownie Shake (Thickshake),Nutella Brownie Shake (Thickshake),7.328820116054158
1,Dates Shake (Milkshake),Dry Fruit Shake (Thickshake),7.295892169448011
1,Berryblast,Kulfi Shake (Milkshake),7.217142857142857
2,Blackcurrant Shake (Thickshake),Waffle,7.196581196581196
2,Oreo Brownie Shake (Thickshake),Oreo Shake (Thickshake),7.189753320683112
1,Choco Oreo Shake (Thickshake),Cold Coffee Cooler,7.144563167818982
1,Mocha Coffee,Nutella Waffles,6.9650735294117645
1,Dry Fruit Shake (Thickshake),Mango Shake (Thickshake),6.762046400951815
1,Nutella Brownie Shake (Thickshake),Waffle Special Offer,6.754010695187165
3,Nutella Brownie Shake (Thickshake),Oreo Brownie Shake (Thickshake),6.754010695187165
1,Peanut Butter Masala (Milkshake),Waffles,6.745994065281899
1,Caramel Shake (Thickshake),Kulfi Nuts Shake (Milkshake),6.686470588235294
1,Kulfi Nuts Shake (Milkshake),Lemonade,6.686470588235294
1,Chocolate Brownie Shake (Thickshake),Wonder Vanilla Shake (Thickshake),6.578125
4,Nutella Brownie Shake (Thickshake),Strawberry Shake (Thickshake),6.56103896103896
2,Choco-Dip Cookies Shake (Milkshake),Fruit-A-List Shake (Milkshake),6.5252583237657875
1,Fruit-A-List Shake (Milkshake),Hazelnut Coffee,6.5252583237657875
1,Fruit-A-List Shake (Milkshake),Snickers Shake (Milkshake),6.5252583237657875
1,Caramel Shake (Milkshake),Classic Lemonade Cooler,6.499142367066895
1,Kulfi Nuts Shake (Thickshake),Strawberry Shake (Thickshake),6.4954285714285716
1,Hazelnut Shake (Milkshake),Peanut Butter Banana Shake (Thickshake),6.465870307167235
1,Lichi,Oreo Shake (Milkshake),6.458522727272728
1,Chocolate Brownie (Milkshake),Oreo Shake (Milkshake),6.458522727272728
2,Choco Dip Cookies Shake (Milkshake),Mango Shake (Milkshake),6.4548551959114135
3,Belgium Dark Chocolate Brownie Shake (Thickshake),Chocolate Brownie Shake (Thickshake),6.400337837837838
1,Belgium Dark Chocolate Shake (Milkshake),Bubblegum,6.3859550561797755
1,Choco-Chip Brownie Shake (Thickshake),Peanut Butter Banana Shake (Milkshake),6.378787878787879
1,Banana Shake (Thickshake),Nutella Brownie Shake (Thickshake),6.378787878787879
1,Banana Shake (Milkshake),Classic Lemonade Cooler,6.378787878787879
1,Nutella Brownie Shake (Thickshake),Oreo 'Go' Nuts Shake (Milkshake),6.378787878787879
1,Oreo Brownie Shake (Thickshake),Wonder Vanilla Shake (Thickshake),6.1911764705882355
1,Choco Oreo Shake (Milkshake),Kitkat,6.081861958266453
2,Berryblast,Strawberry Banana Shake (Milkshake),6.022251655629139
1,Caramel Shake (Milkshake),Kitkat Shake (Milkshake),5.9575471698113205
1,Coffee Brownie (Milkshake),Kitkat Shake,5.945083682008368
2,Blackcurrant Shake (Thickshake),Nutella Brownie Shake (Thickshake),5.8881118881118875
2,Choco-Chip Brownie Shake (Thickshake),Chocolate Brownie Shake (Thickshake),5.847222222222221
1,Banana Shake (Milkshake),Kitkat Shake (Milkshake),5.847222222222221
1,Choco-A-List Shake (Milkshake),Strawberry Banana Shake (Milkshake),5.790626591951096
3,Hazelnut Shake (Thickshake),Nutella Brownie Shake (Thickshake),5.740909090909091
2,Caramel Shake (Milkshake),Caramel Shake (Thickshake),5.719245283018868
1,Blackcurrant Shake (Thickshake),Oreo Brownie Shake (Thickshake),5.714932126696832
2,Belgium Dark Chocolate Brownie Shake (Thickshake),Wonder Vanilla Shake (Thickshake),5.6891891891891895
1,Chocolate Brownie Shake (Milkshake),Peanut Butter Shake (Milkshake),5.663677130044843
1,5 Star Shake (Milkshake),Nutella Brownie Shake (Milkshake),5.638392857142858
1,Coffee Brownie (Milkshake),Nutella Brownie Shake (Milkshake),5.638392857142858
1,Choco Oreo Shake (Thickshake),Coffee Brownie Shake (Thickshake),5.624443344878773
1,Choco Oreo Shake (Thickshake),Chocolate Shake (Thickshake),5.624443344878773
1,Choco-Chip Banana (Milkshake),Dry Fruit Shake (Milkshake),5.621661721068249
2,Choco-Chip Brownie Shake (Thickshake),Oreo Brownie Shake (Thickshake),5.503267973856209
1,Fruit-A-List Shake (Milkshake),Green Apple,5.4727973038035636
1,Blue Curacao Cooler,Nutella Brownie Shake (Thickshake),5.467532467532466
11,Dry Fruit Shake (Milkshake),Kulfi Nuts Shake (Milkshake),5.456318729272124
1,Mango Shake (Thickshake),Oreo Brownie Shake (Thickshake),5.436154949784792
1,Dry Fruit Shake (Thickshake),Nutella Waffles,5.436154949784792
1,Belgium Dark Chocolate Shake (Thickshake),Blackcurrant Crunch Shake (Milkshake),5.412857142857143
1,Snickers Shake (Milkshake),Waffle,5.397435897435898
1,Belgium Dark Chocolate Brownie Shake (Thickshake),Kulfi Shake (Thickshake),5.389758179231863
1,Chocolate Strawberry Shake (Milkshake),Red Velvet Shake,5.331613508442778
1,Belgium Dark Chocolate Shake (Milkshake),Rose,5.321629213483146
1,Choco Oreo Shake (Milkshake),Coffee Brownie (Milkshake),5.321629213483146
2,Nutella Brownie Shake (Milkshake),Peanut Butter Brownie Shake (Milkshake),5.30672268907563
2,Kitkat Shake,Oreo 'Go' Nuts Shake (Milkshake),5.284518828451883
2,Belgium Dark Chocolate Shake (Thickshake),Mango Shake (Thickshake),5.280836236933798
1,Coffee Shake (Milkshake),Wonder Vanilla Shake (Thickshake),5.2625
1,Hazelnut Shake (Thickshake),Wonder Vanilla Shake (Thickshake),5.2625
1,Blackcurrent Shake (Milkshake),Hazelnut Shake (Thickshake),5.2625
3,Belgium Dark Chocolate Shake (Thickshake),Oreo Shake (Thickshake),5.238248847926267
1,Choco Oreo Shake (Thickshake),Oreo Brownie Shake (Thickshake),5.183310533515732
1,Blackcurrent Shake (Thickshake),Oreo Shake (Milkshake),5.166818181818182
1,Bubblegum,Oreo Shake (Milkshake),5.166818181818182
1,Munch Shake (Milkshake),Oreo Shake (Milkshake),5.166818181818182
1,Cookest N Cream Shake (Milkshake),Red Velvet Shake,5.134146341463415
1,Blackcurrant Shake (Milkshake),Oreo Banana (Milkshake),5.090461262875055
1,Choco-Chip Banana Shake (Milkshake),Chocolate Strawberry Shake (Milkshake),5.083631484794276
2,Belgium Dark Chocolate Brownie Shake (Milkshake),Oreo 'Go' Nuts Shake (Milkshake),5.072289156626505
4,Belgium Dark Chocolate Brownie Shake (Thickshake),Choco-Chip Brownie Shake (Thickshake),5.057057057057057
1,Chocolate Brownie Shake (Thickshake),Coffee Brownie Shake (Thickshake),5.0385638297872335
1,Chocolate Brownie Shake (Thickshake),Chocolate Shake (Thickshake),5.0385638297872335
8,Chilli Pineapple,Classic Lemonade,5.028533510285335
1,Choco Chip Brownie (Milkshake),Strawberry Banana Shake (Milkshake),5.018543046357616
1,Cold Coffee Cooler,Oreo Shake (Thickshake),4.955100261551874
1,Blackcurrant Shake (Thickshake),Hazelnut Shake (Thickshake),4.857692307692307
1,Chocolate Waffle,Mango Shake (Milkshake),4.84114139693356
1,Chocolate Brownie (Milkshake),Mango Shake (Milkshake),4.84114139693356
1,Choco-Chip Banana Shake (Milkshake),Coffee Shake (Thickshake),4.806342494714588
4,Kulfi Shake (Milkshake),Strawberry Banana Shake (Milkshake),4.779564806054872
1,Blackcurrant Shake (Thickshake),Oreo Shake (Thickshake),4.700992555831266
1,Belgium Dark Chocolate Brownie Shake (Thickshake),Mango (Milkshake),4.6547911547911545
1,Kulfi Nuts Shake (Milkshake),Wonder Vanilla Shake (Thickshake),4.643382352941177
1,Chocolate Brownie Shake (Thickshake),Oreo Brownie Shake (Thickshake),4.643382352941176
1,Cold Coffee,Strawberry Lemonade,4.641486320947325
1,Banana Crunch (Thickshake),Cold Coffee,4.641486320947325
2,Classic Waffles,Cold Coffee,4.641486320947325
2,Chocolate Brownie Shake (Milkshake),Peanut Butter Banana Shake (Milkshake),4.633917651854872
1,Blackcurrant Shake (Thickshake),Kulfi Shake (Milkshake),4.626373626373626
1,Dry Fruit Shake (Thickshake),Hazelnut Shake (Thickshake),4.6207317073170735
1,Kulfi Nuts Shake (Thickshake),Nutella Brownie Shake (Thickshake),4.592727272727273
1,Caramel Shake (Thickshake),Nutella Brownie Shake (Thickshake),4.592727272727273
2,5 Star Shake (Milkshake),Chocolate Shake (Milkshake),4.554086538461538
1,Chocolate Shake (Milkshake),Lichi,4.554086538461538
1,Coffee Brownie Shake (Milkshake),Waffle Special Offer,4.517885532591415
1,Oreo Banana Shake (Milkshake),Strawberry Shake (Thickshake),4.510714285714286
2,Blackcurrant Crunch Shake (Milkshake),Nutella Brownie Shake (Milkshake),4.510714285714286
1,Strawberry Shake (Thickshake),Wonder Vanilla Shake (Thickshake),4.510714285714286
1,Dry Fruit Shake (Thickshake),Oreo Shake (Thickshake),4.471675845790717
1,Dates Shake (Milkshake),Fruit-A-List Shake (Milkshake),4.464650432050275
2,Kulfi Shake (Milkshake),Waffle,4.455026455026455
1,Blackcurrant Shake (Milkshake),Coffee Brownie (Milkshake),4.454153605015674
1,Blackcurrant Crunch Shake (Milkshake),Custard Apple (sitaphal),4.440234375
2,Cad-b,Snickers Shake (Thickshake),4.416083916083916
1,Cad-b,Rose,4.416083916083916
1,Choco Oreo Shake (Thickshake),Hazelnut Shake (Thickshake),4.405813953488372
5,Cookest N Cream Shake (Milkshake),Kitkat Shake,4.403765690376568
1,Kulfi Shake (Milkshake),Red Velvet Shake,4.400696864111499
1,Chocolate Shake (Thickshake),Coffee Shake (Thickshake),4.3972920696324955
3,Belgium Dark Chocolate Brownie Shake (Thickshake),Strawberry Shake (Thickshake),4.388803088803089
1,Chocolate Brownie Shake (Thickshake),Cookest N Cream Shake (Milkshake),4.385416666666666
2,Banana Shake (Milkshake),Blueberry,4.385416666666666
1,Banana Shake (Milkshake),Chocolate Strawberry Shake (Thickshake),4.385416666666666
2,Custard Apple (sitaphal),Red Velvet Shake,4.331935975609756
1,Classic Lemonade Cooler,Kitkat Shake,4.323697223278813
3,Chilli Pineapple Cooler,Oreo Shake (Milkshake),4.305681818181819
1,Chocolate Brownie Shake (Thickshake),Coffee Shake (Thickshake),4.305681818181818
2,Kitkat Shake (Milkshake),Oreo Shake (Milkshake),4.305681818181818
1,Choco Dip Cookies Shake (Milkshake),Oreo Shake (Milkshake),4.305681818181818
2,Oreo Brownie (Milkshake),Oreo Shake (Milkshake),4.305681818181818
1,Choco-Chip Banana (Milkshake),Oreo Shake (Milkshake),4.305681818181818
2,Oreo Brownie Shake (Milkshake),Pan Shake (Milkshake),4.286199095022624
2,Belgium Dark Chocolate Shake (Milkshake),Choco Chip Brownie (Milkshake),4.257303370786517
2,Classic Lemonade,Watermelon,4.254912970241438
3,Nutella Brownie Shake (Thickshake),Waffle,4.252525252525253
3,Chocolate Brownie Shake (Milkshake),Wonder Vanilla Shake (Thickshake),4.247757847533633
1,Caramel Shake (Milkshake),Pineapple,4.205327413984461
1,Caramel Shake (Milkshake),Waffle Special Offer,4.205327413984461
1,Chocolate Brownie (Thickshake),Strawberry Shake (Milkshake),4.186740331491713
10,Chilli Guava,Strawberry Cooler,4.17704773453864
1,Belgium Dark Chocolate Shake (Thickshake),Strawberry Banana Shake (Thickshake),4.163736263736264
1,Blackcurrant Shake (Thickshake),Strawberry Shake (Thickshake),4.163736263736264
2,Coffee Brownie Shake (Milkshake),Cold Coffee Cooler,4.151570489408328
1,Belgium Dark Chocolate Brownie Shake (Milkshake),Cookest N Cream Shake (Thickshake),4.150054764512595
1,Cookest N Cream Shake (Milkshake),Nutella Waffles,4.127450980392156
1,Banana Shake (Milkshake),Pineapple,4.127450980392156
3,Caramel Shake (Milkshake),Choco-Dip Cookies Shake (Milkshake),4.124455732946299
3,Blackcurrant Shake (Milkshake),Pan Shake (Milkshake),4.111526404629854
1,Classic Lemonade Cooler,Nutella Brownie Shake (Milkshake),4.10064935064935
1,Fruit A List Shake (Milkshake),Nutella Brownie Shake (Milkshake),4.10064935064935
1,Belgium Dark Chocolate Brownie Shake (Thickshake),Berryblast,4.096216216216216
2,Brownie Nuts Shake (Milkshake),Chocolate Brownie Shake (Milkshake),4.077847533632287
2,Cold Coffee Cooler,Strawberry Banana Shake (Milkshake),4.069088956506175
1,Coffee Shake (Thickshake),Oreo Brownie Shake (Thickshake),4.0524064171123
1,Chocolate Strawberry Shake (Milkshake),Cookest N Cream Shake (Milkshake),4.048076923076923
1,Coffee Brownie Shake (Thickshake),Hazelnut Shake (Thickshake),4.030851063829788
1,Coffee Brownie Shake (Thickshake),Coffee Shake (Milkshake),4.030851063829788
1,Chocolate Shake (Thickshake),Hazelnut Shake (Thickshake),4.030851063829788
3,Chilli Pineapple,Strawberry Cooler,4.015661799340556
2,Choco-Chip Brownie Shake (Thickshake),Strawberry Shake (Thickshake),4.0095238095238095
1,Belgium Dark Chocolate Shake (Milkshake),Coffee Brownie (Milkshake),3.9912219101123596
2,Dry Fruit Shake (Milkshake),Peanut Butter Brownie Shake (Milkshake),3.9682318031069994
1,Dry Fruit Shake (Thickshake),Strawberry Shake (Thickshake),3.9606271777003488
1,Choco Chip Brownie (Thickshake),Classic Lemonade,3.9509906152241925
1,Classic Lemonade,Oreo Banana Shake (Thickshake),3.9509906152241925
1,Blackcurrent Shake (Thickshake),Blue Curacao,3.9468750000000004
5,Blue Curacao,Lemonade,3.9468750000000004
1,Chocolate Brownie Shake (Thickshake),Hazelnut Shake (Thickshake),3.9468749999999995
2,Belgium Dark Chocolate Shake (Thickshake),Coffee Shake (Thickshake),3.9366233766233774
1,Chocolate Shake (Thickshake),Oreo Shake (Thickshake),3.900823610157859
1,Oreo Banana Shake (Milkshake),Waffle,3.898148148148149
1,Choco Oreo Shake (Thickshake),Kulfi Nuts Shake (Milkshake),3.8874829001367988
1,Coffee Brownie Shake (Thickshake),Kulfi Shake (Milkshake),3.838905775075988
1,Blackcurrant Crunch Shake (Milkshake),Strawberry Banana Shake (Milkshake),3.763907284768212
2,Caramel Shake (Milkshake),Dates Shake (Milkshake),3.76266137040715
1,Nutella Brownie Shake (Milkshake),Snickers Shake (Thickshake),3.758928571428571
1,Choco Chip Brownie (Milkshake),Oreo Brownie Shake (Milkshake),3.714705882352941
2,Nutella Brownie Shake (Thickshake),Oreo Shake (Thickshake),3.7038123167155423
2,Blue Curacao Cooler,Hazelnut Shake (Milkshake),3.694783032666992
2,Banana Shake (Milkshake),Dates Shake (Milkshake),3.692982456140351
2,Biscoff,Oreo Shake (Milkshake),3.690584415584416
2,Choco Chip Brownie (Milkshake),Classic Lemonade,3.687591240875913
2,Red Velvet Shake,Strawberry Banana Shake (Milkshake),3.6721046680665483
2,Chilli Guava,Chilli Pineapple,3.6644100580270793
3,Cold Coffee Cooler,Nutella Brownie Shake (Milkshake),3.6573359073359075
1,Bubblegum,Chocolate Shake (Milkshake),3.6432692307692305
3,Caramel Shake (Milkshake),Coffee Shake (Milkshake),3.5745283018867924
2,Blackcurrant Shake (Milkshake),Dry Fruit Waffles,3.563322884012539
1,Custard Apple (sitaphal),Lemonade,3.5521875
2,Banana Shake (Thickshake),Belgium Dark Chocolate Shake (Milkshake),3.5477528089887644
18,Chilli Guava,Classic Lemonade,3.530672464668427
2,Hazelnut Shake (Milkshake),Mango (Milkshake),3.526838349363947
1,Chocolate Strawberry Shake (Milkshake),Oreo Shake (Thickshake),3.52574441687345
3,Mango (Milkshake),Oreo Shake (Milkshake),3.5228305785123974
2,Choco-Chip Banana Shake (Milkshake),Strawberry Banana Shake (Milkshake),3.501309102109965
1,Coffee Brownie Shake (Milkshake),Peanut Butter Banana Shake (Milkshake),3.491093366093366
34,Blue Curacao,Strawberry Cooler,3.476522020725389
1,Choco-A-List Shake (Milkshake),Nutella Brownie Shake (Milkshake),3.46978021978022
2,Choco-Chip Brownie Shake (Thickshake),Waffle,3.465020576131687
1,5 Star Shake (Milkshake),Classic Lemonade,3.4571167883211684
1,Choco-Chip Banana Shake (Thickshake),Classic Lemonade,3.4571167883211684
1,Coffee Brownie Shake (Thickshake),Strawberry Shake (Thickshake),3.4550151975683887
1,Coffee Shake (Milkshake),Coffee Shake (Thickshake),3.444545454545455
1,Mango Shake (Thickshake),Waffle,3.4227642276422765
1,Custard Apple (sitaphal),Hazelnut Coffee,3.415564903846154
2,Belgium Dark Chocolate Brownie Shake (Thickshake),Hazelnut Shake (Thickshake),3.4135135135135135
6,Coffee Shake (Milkshake),Dry Fruit Shake (Milkshake),3.3729970326409497
1,Oreo,Waffles,3.3729970326409493
1,Fruit A List Shake (Thickshake),Waffles,3.3729970326409493
1,Chilli Guava,Chilli Guava Cooler,3.3590425531914896
4,Cookest N Cream Shake (Milkshake),Nutella Brownie Shake (Milkshake),3.3412698412698414
2,Oreo 'Go' Nuts Shake (Milkshake),Wonder Vanilla Shake (Milkshake),3.3412698412698414
2,Chilli Pineapple Cooler,Wonder Vanilla Shake (Milkshake),3.3412698412698414
1,Banana Shake (Milkshake),Blue Curacao Cooler,3.341269841269841
2,Caramel Shake (Milkshake),Choco-Chip Banana Shake (Milkshake),3.3251426064063185
3,Classic Lemonade,Lemonade,3.3188321167883217
2,Belgium Dark Chocolate Brownie Shake (Thickshake),Oreo Shake (Thickshake),3.303400174367917
1,Blue Curacao,Choco-Chip Banana (Milkshake),3.2890625
1,Oreo Brownie Shake (Milkshake),Waffle Special Offer,3.2776816608996535
1,Choco Oreo Shake (Milkshake),Watermelon,3.274848746758859
4,Choco Oreo Shake (Milkshake),Chocolate Strawberry Shake (Milkshake),3.274848746758859
2,Strawberry Cooler,Wonder Vanilla Shake (Thickshake),3.272020725388601
1,Choco-Chip Banana Shake (Milkshake),Waffle,3.2635658914728682
1,Caramel Shake (Milkshake),Mango (Milkshake),3.2495711835334475
1,Blackcurrant Shake (Milkshake),Fruit A List Shake (Milkshake),3.239384440011399
1,Hazelnut Shake (Milkshake),Snickers Shake (Thickshake),3.2329351535836177
4,Mocha Coffee,Oreo Shake (Milkshake),3.229261363636364
1,Caramel Shake (Thickshake),Chilli Guava,3.2246808510638303
1,Ice Crush Coffee,Nutella Brownie Shake (Milkshake),3.2219387755102042
6,Dry Fruit Shake (Milkshake),Kulfi Shake (Milkshake),3.212378126324714
1,Blackcurrent Shake (Milkshake),Nutella Brownie Shake (Thickshake),3.1893939393939394
1,Banana Shake (Milkshake),Mango (Milkshake),3.1893939393939394
1,Oreo Brownie Shake (Thickshake),Strawberry Shake (Thickshake),3.184033613445378
4,Choco Oreo Shake (Milkshake),Cookest N Cream Shake (Milkshake),3.1535580524344566
22,Classic Lemonade,Strawberry Cooler,3.1526039105933967
1,Choco-Chip Banana (Thickshake),Strawberry Shake (Milkshake),3.1400552486187845
1,Blackcurrent Crunch (Milkshake),Strawberry Shake (Milkshake),3.1400552486187845
1,Chilli Guava,Snickers Shake (Milkshake),3.100654664484452
2,Chilli Guava,Choco-Dip Cookies Shake (Milkshake),3.100654664484452
1,Oreo Brownie Shake (Milkshake),Strawberry Crunch Shake (Milkshake),3.0955882352941178
2,Oreo Brownie Shake (Milkshake),Wonder Vanilla Shake (Thickshake),3.0955882352941178
2,Belgium Dark Chocolate Shake (Thickshake),Strawberry Shake (Thickshake),3.093061224489796
1,Coffee Shake (Thickshake),Fruit-A-List Shake (Milkshake),3.0846675712347356
1,Brownie Nuts Shake (Milkshake),Coffee Brownie Shake (Milkshake),3.072162162162162
1,Dry Fruit Shake (Milkshake),Fruit-A-List Shake (Thickshake),3.0663609387645
1,Coffee Shake (Milkshake),Oreo Shake (Thickshake),3.055645161290323
1,Hazelnut Shake (Thickshake),Oreo Shake (Thickshake),3.055645161290323
1,Choco-Chip Brownie Shake (Milkshake),Classic Lemonade Cooler,3.039304812834225
1,Caramel Shake (Thickshake),Strawberry Banana Shake (Milkshake),3.0111258278145696
1,Lemonade,Strawberry Banana Shake (Milkshake),3.0111258278145696
1,Choco-Chip Brownie Shake (Thickshake),Chocolate Shake (Thickshake),2.985815602836879
1,Choco-Chip Brownie Shake (Thickshake),Coffee Brownie Shake (Thickshake),2.985815602836879
1,Coffee Brownie Shake (Thickshake),Waffle,2.985815602836879
1,Choco-A-List Shake (Milkshake),Hazelnut Shake (Milkshake),2.9842478340771863
1,Blackcurrant Shake (Milkshake),Snickers Shake (Thickshake),2.9694357366771156
1,Blackcurrant Shake (Milkshake),Kitkat Shake (Milkshake),2.9694357366771156
4,Strawberry Shake (Milkshake),Waffle Special Offer,2.9553461163470915
1,Coffee Shake (Thickshake),Strawberry Shake (Thickshake),2.9524675324675327
1,Chocolate Brownie Shake (Thickshake),Waffle,2.9236111111111107
4,Belgium Dark Chocolate Brownie Shake (Milkshake),Kulfi Shake (Milkshake),2.8984509466437176
16,Belgium Dark Chocolate Brownie Shake (Milkshake),Nutella Brownie Shake (Milkshake),2.8984509466437176
1,Strawberry Banana Shake (Milkshake),Strawberry Banana Shake (Thickshake),2.895313295975548
1,Custard Apple (sitaphal),Green Apple,2.8646673387096775
1,Banana Crunch Shake (Thickshake),Blue Curacao,2.819196428571429
1,Banana Shake (Milkshake),Lemonade,2.8066666666666666
1,Blue Curacao Cooler,Strawberry Cooler,2.8045891931902296
1,Dry Fruit Shake (Thickshake),Nutella Brownie Shake (Thickshake),2.8004434589800447
1,Nutella Brownie Shake (Thickshake),Red Velvet Shake,2.8004434589800447
1,Kitkat Shake,Peanut Butter Brownie Shake (Milkshake),2.7976864385921734
2,Cad-b,Kulfi Shake (Thickshake),2.7891056312108944
1,Coffee Shake (Milkshake),Kulfi Nuts Shake (Milkshake),2.786029411764706
58,Blue Curacao,Classic Lemonade,2.784899635036497
1,Blueberry,Custard Apple (sitaphal),2.7751464843749996
1,Choco Chip Brownie (Thickshake),Mango Shake (Milkshake),2.766366512533463
1,Classic Lemonade,Peanut Butter Brownie Shake (Thickshake),2.7656934306569347
2,Caramel Shake (Milkshake),Chocolate Strawberry Shake (Milkshake),2.749637155297533
1,Fruit A List Shake (Milkshake),Wonder Vanilla Shake (Milkshake),2.733766233766234
2,Mango (Milkshake),Wonder Vanilla Shake (Milkshake),2.733766233766234
1,Hazelnut Shake (Thickshake),Strawberry Shake (Thickshake),2.7064285714285714
4,Choco Oreo Shake (Milkshake),Kulfi Shake (Milkshake),2.7030497592295344
1,Choco-Dip Cookies Shake (Milkshake),Waffle,2.698717948717949
1,Banana Shake (Milkshake),Snickers Shake (Milkshake),2.698717948717949
1,Banana Shake (Milkshake),Strawberry Banana Shake (Thickshake),2.698717948717949
2,Brownie Nuts Shake (Milkshake),Choco-Chip Brownie Shake (Milkshake),2.674588235294118
15,Choco Oreo Shake (Milkshake),Kitkat Shake,2.671947722250952
1,Choco Oreo Shake (Thickshake),Nutella Brownie Shake (Thickshake),2.6701902748414374
1,Belgium Dark Chocolate Shake (Milkshake),Oreo Brownie (Milkshake),2.660814606741573
1,Belgium Dark Chocolate Shake (Milkshake),Kitkat Shake (Milkshake),2.660814606741573
1,Nutella Brownie Shake (Milkshake),Pineapple,2.653361344537815
1,Chilli Pineapple Cooler,Kitkat Shake,2.6422594142259417
2,Kitkat Shake,Wonder Vanilla Shake (Thickshake),2.6422594142259417
3,Mango Shake (Milkshake),Peanut Butter Banana Shake (Milkshake),2.6406225801455787
1,Belgium Dark Chocolate Shake (Thickshake),Red Velvet Shake,2.640418118466899
3,Belgium Dark Chocolate Brownie Shake (Milkshake),Chocolate Strawberry Shake (Milkshake),2.6336886005560705
1,Oreo Shake (Thickshake),Strawberry Shake (Thickshake),2.619124423963134
1,Chocolate Shake (Milkshake),Kitkat,2.6023351648351647
1,Chocolate Shake (Milkshake),Oreo Banana (Milkshake),2.6023351648351647
3,Blueberry,Classic Lemonade,2.5928375912408765
2,Choco-Chip Banana Shake (Milkshake),Oreo Brownie Shake (Milkshake),2.591655266757866
4,Coffee Shake (Milkshake),Hazelnut Shake (Milkshake),2.5863481228668945
2,Choco-Chip Brownie Shake (Milkshake),Hazelnut Coffee,2.571719457013575
2,Coffee Brownie Shake (Milkshake),Coffee Shake (Milkshake),2.5601351351351354
1,Blackcurrant Crunch Shake (Milkshake),Chocolate Brownie Shake (Milkshake),2.5486547085201794
1,Banana Crunch Shake (Milkshake),Chocolate Brownie Shake (Milkshake),2.5486547085201794
3,Belgium Dark Chocolate Shake (Thickshake),Custard Apple (sitaphal),2.537276785714286
1,Belgium Dark Chocolate Brownie Shake (Milkshake),Chilli Pineapple Cooler,2.5361445783132526
64,Blackcurrant Shake (Milkshake),Strawberry Shake (Milkshake),2.519918945600028
1,Blueberry,Chilli Guava,2.5192819148936167
1,Classic Lemonade,Cookest N Cream Shake (Thickshake),2.5142667551426676
1,Classic Lemonade,Classic Lemonade Cooler,2.5142667551426676
1,Oreo Brownie (Milkshake),Wonder Vanilla Shake (Milkshake),2.505952380952381
10,Chocolate Brownie Shake (Milkshake),Oreo Brownie Shake (Milkshake),2.4986810867844893
1,Belgium Dark Chocolate Brownie Shake (Thickshake),Dry Fruit Shake (Thickshake),2.4976928147659856
1,Custard Apple (sitaphal),Wonder Vanilla Shake (Thickshake),2.466796875
2,Belgium Dark Chocolate Shake (Milkshake),Strawberry Banana Shake (Thickshake),2.4561365600691447
1,Chilli Guava Cooler,Strawberry Cooler,2.4540155440414506
1,Blue Curacao Cooler,Chocolate Brownie Shake (Milkshake),2.427290198590647
3,Chocolate Brownie Shake (Milkshake),Kulfi Shake (Milkshake),2.427290198590647
1,Fruit-A-List Shake (Milkshake),Strawberry Shake (Thickshake),2.4236673773987207
1,Belgium Dark Chocolate Brownie Shake (Milkshake),Kulfi Shake (Thickshake),2.4026632847178186
1,Choco Oreo Shake (Milkshake),Strawberry Crunch Shake (Milkshake),2.365168539325843
1,Lemonade,Strawberry Cooler,2.355854922279793
1,Oreo Brownie (Thickshake),Oreo Shake (Milkshake),2.348553719008265
1,Hazelnut Shake (Thickshake),Waffle,2.338888888888889
1,Coffee Shake (Milkshake),Waffle,2.338888888888889
1,Choco-Chip Brownie Shake (Thickshake),Coffee Shake (Milkshake),2.338888888888889
3,Caramel Shake (Thickshake),Mango Shake (Milkshake),2.323747870528109
1,Cold Coffee,Strawberry Banana (Thickshake),2.3207431604736626
1,Banana Fruit Walker (Milkshake),Cold Coffee,2.3207431604736626
1,Coffee Brownie (Thickshake),Cold Coffee,2.3207431604736626
2,Choco-Chip Banana (Thickshake),Cold Coffee,2.3207431604736626
2,Cold Coffee,Strawberry Crunch Shake (Thickshake),2.3207431604736626
2,Blackcurrent Crunch (Milkshake),Cold Coffee,2.3207431604736626
1,Cold Coffee,Oreo,2.3207431604736626
1,Cold Coffee,Ice Cream,2.3207431604736626
2,Kitkat Shake,Red Velvet Shake,2.3200326563935096
1,Classic Lemonade,Snickers Shake (Thickshake),2.3047445255474455
1,Belgium Dark Chocolate Shake (Thickshake),Coffee Brownie Shake (Thickshake),2.3033434650455926
2,Classic Lemonade Cooler,Strawberry Shake (Milkshake),2.2836765444500253
1,Chocolate Shake (Milkshake),Coffee Brownie (Milkshake),2.277043269230769
1,Dry Fruit Waffles,Nutella Brownie Shake (Milkshake),2.255357142857143
2,Choco Dip Cookies Shake (Milkshake),Waffles,2.2486646884272994
4,Kitkat Shake (Milkshake),Waffles,2.2486646884272994
1,Munch Shake (Thickshake),Waffles,2.2486646884272994
1,Brownie Nuts Shake (Milkshake),Oreo Brownie Shake (Milkshake),2.2288235294117644
2,Banana Shake (Thickshake),Blue Curacao,2.1927083333333335
1,Belgium Dark Chocolate Brownie Shake (Thickshake),Coffee Brownie Shake (Thickshake),2.178838412880966
1,Custard Apple (sitaphal),Dry Fruit Shake (Thickshake),2.165967987804878
1,Custard Apple (sitaphal),Mango Shake (Thickshake),2.165967987804878
2,Blackcurrent Shake (Milkshake),Hazelnut Shake (Milkshake),2.155290102389079
3,Oreo Shake (Milkshake),Wonder Vanilla Shake (Thickshake),2.1528409090909095
2,Chilli Guava Cooler,Oreo Shake (Milkshake),2.152840909090909
4,Mango Shake (Milkshake),Oreo Banana Shake (Milkshake),2.151618398637138
9,Belgium Dark Chocolate Brownie Shake (Thickshake),Cad-b,2.1483651483651482
2,Chocolate Shake (Milkshake),Waffle Special Offer,2.1430995475113117
1,Coffee Brownie Shake (Milkshake),Oreo Banana Shake (Milkshake),2.133445945945946
13,Choco-Chip Brownie Shake (Milkshake),Oreo Brownie Shake (Milkshake),2.1304930795847747
1,Belgium Dark Chocolate Shake (Thickshake),Oreo Brownie Shake (Thickshake),2.1226890756302517
1,Day-night Waffles,Strawberry Shake (Milkshake),2.0933701657458563
2,Kitkat Shake (Milkshake),Strawberry Shake (Milkshake),2.0933701657458563
1,Belgium Dark Chocolate Brownie Shake (Milkshake),Peanut Butter Banana Shake (Milkshake),2.0750273822562977
1,Choco-Chip Banana Shake (Milkshake),Custard Apple (sitaphal),2.0652252906976742
2,Cookest N Cream Shake (Milkshake),Oreo Brownie Shake (Milkshake),2.063725490196078
1,Mango (Milkshake),Nutella Brownie Shake (Milkshake),2.050324675324675
1,Nutella Brownie Shake (Milkshake),Peanut Butter Banana Shake (Milkshake),2.050324675324675
1,Hazelnut Shake (Milkshake),Kulfi Shake (Thickshake),2.041853781210706
2,Cad-b,Strawberry Banana Shake (Thickshake),2.038192576654115
1,Coffee Brownie Shake (Milkshake),Dates Shake (Milkshake),2.0211593172119486
1,Strawberry Shake (Thickshake),Waffle,2.0047619047619047
1,Choco Chip Brownie (Milkshake),Wonder Vanilla Shake (Milkshake),2.0047619047619047
1,Belgium Dark Chocolate Shake (Milkshake),Chocolate Strawberry Shake (Thickshake),1.9956109550561798
2,Chilli Guava,Choco-Chip Brownie Shake (Thickshake),1.9905437352245865
1,Choco-A-List Shake (Milkshake),Oreo Shake (Milkshake),1.9872377622377626
2,Choco Oreo Shake (Milkshake),Choco Oreo Shake (Thickshake),1.980141102691403
1,Blackcurrant Shake (Milkshake),Oreo 'Go' Nuts Shake (Milkshake),1.9796238244514106
1,Blackcurrant Shake (Milkshake),Strawberry Crunch Shake (Milkshake),1.9796238244514106
3,Choco-Chip Brownie Shake (Milkshake),Oreo Brownie Shake (Thickshake),1.9666089965397926
1,Chilli Guava,Mango Shake (Thickshake),1.9662688116242868
2,Choco-Dip Cookies Shake (Milkshake),Chocolate Brownie Shake (Milkshake),1.9605036219385998
2,Belgium Dark Chocolate Brownie Shake (Thickshake),Belgium Dark Chocolate Shake (Thickshake),1.9505791505791505
1,Banana Shake (Milkshake),Oreo Banana Shake (Milkshake),1.9490740740740744
2,Banana Crunch Shake (Milkshake),Mango Shake (Milkshake),1.9364565587734244
2,Kitkat,Waffles,1.9274268757948283
2,Chocolate Shake (Thickshake),Nutella Brownie Shake (Milkshake),1.919452887537994
3,Blue Curacao,Green Apple,1.909778225806452
1,Berryblast,Kitkat Shake,1.9024267782426778
1,Kitkat Shake,Kulfi Nuts Shake (Thickshake),1.9024267782426778
1,Belgium Dark Chocolate Brownie Shake (Milkshake),Chilli Guava Cooler,1.9021084337349394
2,Choco-Chip Brownie Shake (Thickshake),Coffee Brownie Shake (Milkshake),1.8963963963963963
1,Banana Shake (Milkshake),Cold Coffee Cooler,1.8963963963963963
1,Biscoff,Cad-b,1.8926073926073925
4,Mango Shake (Milkshake),Red Velvet Shake,1.8892259109984628
5,Coffee Brownie Shake (Milkshake),Oreo Brownie Shake (Milkshake),1.8824523052464228
2,Blue Curacao,Blue Curacao Cooler,1.8794642857142858
1,Dry Fruit Shake (Milkshake),Strawberry Crunch Shake (Milkshake),1.8738872403560831
1,Chilli Pineapple Cooler,Dry Fruit Shake (Milkshake),1.8738872403560831
1,Belgium Dark Chocolate Brownie Shake (Thickshake),Coffee Shake (Thickshake),1.8619164619164619
2,Choco-Chip Brownie Shake (Milkshake),Oreo Banana Shake (Milkshake),1.8573529411764709
1,Ice Crush Coffee,Oreo Shake (Milkshake),1.845292207792208
1,Blackcurrant Shake (Thickshake),Caramel Shake (Milkshake),1.8330914368650217
1,Kitkat Shake,Snickers Shake (Milkshake),1.8292565175410365
1,Belgium Dark Chocolate Brownie Shake (Milkshake),Caramel Shake (Thickshake),1.826024096385542
1,Belgium Dark Chocolate Brownie Shake (Milkshake),Brownie Nuts Shake (Milkshake),1.826024096385542
1,Belgium Dark Chocolate Brownie Shake (Milkshake),Lemonade,1.826024096385542
1,Kulfi Shake (Milkshake),Nutella Brownie Shake (Thickshake),1.8225108225108224
2,Choco-Chip Brownie Shake (Milkshake),Cold Coffee Cooler,1.807154213036566
1,Banana Shake (Milkshake),Blackcurrant Shake (Thickshake),1.799145299145299
3,Blue Curacao Cooler,Strawberry Shake (Milkshake),1.7943172849250202
1,Blue Curacao,Classic Lemonade Cooler,1.794034090909091
1,Choco-Chip Banana Shake (Milkshake),Coffee Brownie Shake (Milkshake),1.7861407919547454
3,Blackcurrant Shake (Milkshake),Hazelnut Shake (Thickshake),1.7816614420062697
2,Dates Shake (Milkshake),Dry Fruit Shake (Milkshake),1.7752615961268157
1,Chilli Guava Cooler,Choco Oreo Shake (Milkshake),1.773876404494382
3,Belgium Dark Chocolate Shake (Milkshake),Cookest N Cream Shake (Milkshake),1.773876404494382
1,Waffle Special Offer,Wonder Vanilla Shake (Milkshake),1.76890756302521
3,Custard Apple (sitaphal),Strawberry Banana Shake (Milkshake),1.7643315397350996
1,Mango Shake (Milkshake),Oreo Brownie (Thickshake),1.7604150534303857
2,Choco-Chip Brownie Shake (Milkshake),Dates Shake (Milkshake),1.7595975232198144
1,Belgium Dark Chocolate Brownie Shake (Milkshake),Snickers Shake (Milkshake),1.7557924003707137
1,Chilli Pineapple,Coffee Brownie Shake (Milkshake),1.745546683046683
1,Mocha Coffee,Oreo Brownie Shake (Milkshake),1.7412683823529411
1,Blueberry,Oreo Brownie Shake (Milkshake),1.7412683823529411
3,Fruit-A-List Shake (Milkshake),Hazelnut Shake (Milkshake),1.7370994855076156
13,Belgium Dark Chocolate Shake (Milkshake),Kitkat Shake,1.7367660194631187
1,Nutella Brownie Shake (Milkshake),Snickers Shake (Milkshake),1.73489010989011
1,Hazelnut Coffee,Nutella Brownie Shake (Milkshake),1.73489010989011
2,Banana Shake (Milkshake),Waffle,1.7325102880658434
1,Chocolate Strawberry Shake (Thickshake),Classic Lemonade,1.7285583941605842
1,Belgium Dark Chocolate Shake (Thickshake),Kulfi Shake (Milkshake),1.7183673469387755
1,Chilli Guava,Chocolate Shake (Thickshake),1.7152557718424628
2,Blackcurrant Shake (Thickshake),Choco-Chip Brownie Shake (Milkshake),1.71447963800905
3,Mango (Milkshake),Strawberry Shake (Milkshake),1.712757408337519
1,Chilli Pineapple,Strawberry Banana Shake (Milkshake),1.7108669476219145
1,Choco-Dip Cookies Shake (Milkshake),Custard Apple (sitaphal),1.707782451923077
1,Brownie Nuts Shake (Milkshake),Choco Oreo Shake (Milkshake),1.7029213483146068
1,Blackcurrant Shake (Milkshake),Blue Curacao Cooler,1.696820420958352
3,Cad-b,Coffee Brownie Shake (Thickshake),1.6912661806278828
1,Chocolate Waffle,Waffles,1.6864985163204746
1,Blackcurrent Crunch (Milkshake),Waffles,1.6864985163204746
1,Lichi,Waffles,1.6864985163204746
12,Blue Curacao,Chilli Guava,1.679521276595745
1,Blackcurrant Crunch Shake (Milkshake),Choco-Chip Brownie Shake (Milkshake),1.6716176470588238
1,Chocolate Shake (Milkshake),Fruit A List Shake (Milkshake),1.6560314685314685
2,Coffee Brownie Shake (Thickshake),Hazelnut Shake (Milkshake),1.650860503957592
11,Choco-Chip Brownie Shake (Milkshake),Chocolate Brownie Shake (Milkshake),1.6491295172777634
1,Choco Oreo Shake (Milkshake),Snickers Shake (Milkshake),1.6374243733794296
1,Oreo Banana Shake (Milkshake),Strawberry Cooler,1.6360103626943006
1,Coffee Brownie Shake (Milkshake),Coffee Brownie Shake (Thickshake),1.6341288096607245
2,Choco-Chip Brownie Shake (Milkshake),Red Velvet Shake,1.6308464849354378
1,Classic Lemonade,Waffle Special Offer,1.626878488621726
2,Cold Coffee Cooler,Wonder Vanilla Shake (Milkshake),1.6254826254826256
10,Caramel Shake (Milkshake),Oreo Shake (Milkshake),1.624785591766724
15,Kitkat Shake,Oreo Shake (Milkshake),1.621386458729555
2,Blackcurrant Shake (Milkshake),Chilli Pineapple,1.6196922200056996
1,Chilli Guava Cooler,Hazelnut Shake (Milkshake),1.6164675767918089
1,Chocolate Strawberry Shake (Thickshake),Oreo Shake (Milkshake),1.614630681818182
1,Mango Shake (Milkshake),Oreo Brownie (Milkshake),1.6137137989778534
6,Caramel Shake (Milkshake),Choco Oreo Shake (Milkshake),1.6065295738817045
1,Blue Curacao Cooler,Dry Fruit Shake (Milkshake),1.606189063162357
1,Belgium Dark Chocolate Shake (Milkshake),Dry Fruit Waffles,1.5964887640449439
1,Blue Curacao Cooler,Choco-Chip Brownie Shake (Milkshake),1.5920168067226892
4,Waffle Special Offer,Waffles,1.5872927212427996
2,Coffee Shake (Milkshake),Kitkat Shake,1.5853556485355649
2,Dates Shake (Milkshake),Wonder Vanilla Shake (Milkshake),1.5827067669172934
1,Kulfi Shake (Thickshake),Wonder Vanilla Shake (Milkshake),1.5827067669172934
4,Chilli Guava,Oreo Brownie Shake (Milkshake),1.5807259073842304
1,Chilli Guava,Oreo Brownie Shake (Thickshake),1.5807259073842304
2,Blue Curacao,Caramel Shake (Thickshake),1.5787500000000003
3,Chilli Guava Cooler,Strawberry Shake (Milkshake),1.5700276243093922
2,Choco-Chip Banana Shake (Milkshake),Choco-Chip Brownie Shake (Milkshake),1.5549931600547198
13,Banana Shake (Milkshake),Mango Shake (Milkshake),1.5539466212379327
1,Brownie Nuts Shake (Milkshake),Hazelnut Shake (Milkshake),1.5518088737201368
1,Caramel Shake (Thickshake),Hazelnut Shake (Milkshake),1.5518088737201368
1,Hazelnut Shake (Milkshake),Lemonade,1.5518088737201368
1,Cold Coffee,Kitkat Shake (Thickshake),1.5471621069824417
6,Hazelnut Shake (Milkshake),Strawberry Banana Shake (Milkshake),1.5415319937617251
1,Banana Shake (Thickshake),Classic Lemonade,1.5364963503649638
2,Blackcurrent Shake (Milkshake),Classic Lemonade,1.5364963503649638
1,Classic Lemonade,Oreo 'Go' Nuts Shake (Milkshake),1.5364963503649638
3,Classic Lemonade,Cookest N Cream Shake (Milkshake),1.5364963503649638
1,Caramel Shake (Milkshake),Coffee Brownie Shake (Thickshake),1.5210758731433158
4,Blue Curacao,Choco-Dip Cookies Shake (Milkshake),1.5180288461538463
1,Belgium Dark Chocolate Brownie Shake (Thickshake),Kulfi Nuts Shake (Milkshake),1.5059618441971383
1,Cold Coffee Cooler,Oreo Brownie Shake (Milkshake),1.5059618441971383
1,Blackcurrant Crunch Shake (Milkshake),Wonder Vanilla Shake (Milkshake),1.5035714285714286
1,Banana Crunch Shake (Milkshake),Wonder Vanilla Shake (Milkshake),1.5035714285714286
2,Hazelnut Shake (Thickshake),Nutella Brownie Shake (Milkshake),1.5035714285714286
1,Chilli Guava,Cookest N Cream Shake (Milkshake),1.4929078014184396
1,Banana Shake (Milkshake),Chocolate Shake (Thickshake),1.4929078014184396
1,Hazelnut Shake (Milkshake),Strawberry Banana Shake (Thickshake),1.4921239170385932
2,Choco-Dip Cookies Shake (Milkshake),Hazelnut Shake (Milkshake),1.4921239170385932
1,Choco-A-List Shake (Milkshake),Mango Shake (Milkshake),1.4895819682872495
13,Caramel Shake (Milkshake),Chocolate Shake (Milkshake),1.48938679245283
2,Blackcurrant Shake (Milkshake),Chocolate Brownie Shake (Thickshake),1.4847178683385578
1,Custard Apple (sitaphal),Hazelnut Shake (Thickshake),1.4800781250000001
1,Coffee Shake (Milkshake),Custard Apple (sitaphal),1.4800781250000001
1,Choco-Dip Cookies Shake (Milkshake),Coffee Brownie Shake (Milkshake),1.4770010395010396
1,Chocolate Strawberry Shake (Milkshake),Coffee Brownie Shake (Milkshake),1.4770010395010396
3,Cad-b,Cookest N Cream Shake (Milkshake),1.472027972027972
2,Belgium Dark Chocolate Brownie Shake (Thickshake),Chilli Guava,1.4525589419206442
1,Belgium Dark Chocolate Shake (Milkshake),Mango (Milkshake),1.4513534218590398
1,Belgium Dark Chocolate Shake (Milkshake),Peanut Butter Banana Shake (Milkshake),1.4513534218590398
1,Chocolate Strawberry Shake (Milkshake),Strawberry Banana Shake (Milkshake),1.447656647987774
1,Dry Fruit Shake (Thickshake),Strawberry Cooler,1.436496903829142
1,Oreo Shake (Milkshake),Strawberry Crunch Shake (Milkshake),1.435227272727273
3,Cookest N Cream Shake (Milkshake),Oreo Shake (Milkshake),1.4352272727272728
2,Kulfi Shake (Milkshake),Nutella Brownie Shake (Milkshake),1.4319727891156464
1,Blackcurrant Shake (Milkshake),Brownie Nuts Shake (Milkshake),1.4253291536050157
1,Blackcurrant Shake (Milkshake),Caramel Shake (Thickshake),1.4253291536050157
2,Choco Oreo Shake (Milkshake),Coffee Shake (Milkshake),1.4191011235955056
1,Choco-Chip Brownie Shake (Thickshake),Nutella Brownie Shake (Thickshake),1.4175084175084174
1,Custard Apple (sitaphal),Kulfi Shake (Milkshake),1.4095982142857144
1,Blueberry,Nutella Brownie Shake (Milkshake),1.4095982142857144
1,Blue Curacao,Ice Crush Coffee,1.4095982142857144
5,Banana Shake (Milkshake),Belgium Dark Chocolate Brownie Shake (Milkshake),1.4089692101740292
3,Belgium Dark Chocolate Shake (Milkshake),Kulfi Nuts Shake (Milkshake),1.4086665565102445
1,Caramel Shake (Milkshake),Oreo Brownie Shake (Thickshake),1.401775804661487
2,Blackcurrant Shake (Milkshake),Oreo Brownie Shake (Thickshake),1.3973815231421722
2,Strawberry Crunch Shake (Milkshake),Strawberry Shake (Milkshake),1.3955801104972376
1,Cookest N Cream Shake (Milkshake),Strawberry Banana Shake (Milkshake),1.3940397350993379
1,Chilli Guava Cooler,Choco-Chip Brownie Shake (Milkshake),1.393014705882353
5,Blackcurrant Shake (Milkshake),Custard Apple (sitaphal),1.391923001567398
1,Ice Crush Coffee,Mango Shake (Milkshake),1.3831832562667314
1,Banana Crunch Shake (Milkshake),Classic Lemonade,1.3828467153284674
1,Chocolate Brownie Shake (Milkshake),Cold Coffee Cooler,1.3776511937946914
5,Chilli Guava,Hazelnut Shake (Milkshake),1.3757170866313266
1,Blackcurrant Shake (Milkshake),Strawberry Banana Shake (Thickshake),1.3705088015432845
1,Coffee Shake (Thickshake),Strawberry Banana Shake (Milkshake),1.3686935580975317
5,Chocolate Shake (Milkshake),Fruit-A-List Shake (Milkshake),1.3594288174512055
1,Dry Fruit Shake (Thickshake),Oreo Brownie Shake (Milkshake),1.359038737446198
3,Belgium Dark Chocolate Shake (Thickshake),Kitkat Shake,1.3588762701733414
6,Choco-Chip Brownie Shake (Milkshake),Coffee Brownie Shake (Milkshake),1.3553656597774246
1,Munch Shake (Milkshake),Waffles,1.3491988130563797
1,Blackcurrent Shake (Thickshake),Waffles,1.3491988130563797
1,Dry Fruit Shake (Milkshake),Lemonade,1.3491988130563797
2,Fruit-A-List Shake (Milkshake),Nutella Brownie Shake (Milkshake),1.3464818763326227
6,Blackcurrant Shake (Milkshake),Caramel Shake (Milkshake),1.3446501449103923
2,Belgium Dark Chocolate Brownie Shake (Milkshake),Kulfi Nuts Shake (Milkshake),1.342664776754075
1,Choco-Chip Brownie Shake (Milkshake),Lemonade,1.337294117647059
1,Choco-Chip Brownie Shake (Milkshake),Kulfi Nuts Shake (Thickshake),1.337294117647059
7,Belgium Dark Chocolate Brownie Shake (Milkshake),Kitkat Shake,1.3370469324998737
1,Belgium Dark Chocolate Shake (Thickshake),Choco-Chip Brownie Shake (Thickshake),1.3365079365079364
1,Belgium Dark Chocolate Shake (Thickshake),Waffle,1.3365079365079364
2,Cold Coffee,Kitkat,1.326138948842093
1,Banana Crunch Shake (Milkshake),Cad-b,1.324825174825175
1,Blackcurrant Crunch Shake (Milkshake),Cad-b,1.324825174825175
1,Caramel Shake (Milkshake),Cookest N Cream Shake (Milkshake),1.3238993710691824
15,Hazelnut Shake (Milkshake),Oreo Shake (Milkshake),1.32256438101148
4,Dates Shake (Milkshake),Strawberry Shake (Milkshake),1.3221285257342252
3,Blackcurrant Shake (Milkshake),Waffle,1.3197492163009406
1,Blue Curacao Cooler,Classic Lemonade,1.3169968717413976
1,Blue Curacao,Choco Chip Brownie (Milkshake),1.315625
11,Belgium Dark Chocolate Shake (Milkshake),Choco Oreo Shake (Milkshake),1.315458906703699
12,Belgium Dark Chocolate Shake (Milkshake),Hazelnut Shake (Milkshake),1.3077041070675308
1,Caramel Shake (Milkshake),Coffee Shake (Thickshake),1.2998284734133791
1,Banana Shake (Milkshake),Cookest N Cream Shake (Milkshake),1.2993827160493827
1,Dry Fruit Shake (Milkshake),Snickers Shake (Milkshake),1.2973065510157498
4,Belgium Dark Chocolate Brownie Shake (Milkshake),Chilli Guava,1.295052550628044
3,Coffee Shake (Milkshake),Oreo Shake (Milkshake),1.2917045454545457
1,Dry Fruit Waffles,Oreo Shake (Milkshake),1.2917045454545455
1,Choco Chip Brownie (Milkshake),Mango Shake (Milkshake),1.2909710391822828
3,Strawberry Shake (Thickshake),Wonder Vanilla Shake (Milkshake),1.2887755102040819
1,Choco-Chip Brownie Shake (Milkshake),Pan Shake (Milkshake),1.2858597285067874
1,Choco-Chip Brownie Shake (Milkshake),Strawberry Banana Shake (Thickshake),1.2858597285067874
1,Choco-Chip Brownie Shake (Milkshake),Snickers Shake (Milkshake),1.2858597285067874
3,Belgium Dark Chocolate Brownie Shake (Thickshake),Kitkat Shake,1.2854234988126203
1,Cold Coffee Cooler,Kitkat Shake,1.28542349881262
4,Blue Curacao Cooler,Waffles,1.2849512505298855
10,Mango Shake (Milkshake),Strawberry Banana Shake (Milkshake),1.2824215621016055
1,Belgium Dark Chocolate Shake (Milkshake),Lemonade,1.277191011235955
1,Belgium Dark Chocolate Shake (Milkshake),Kulfi Nuts Shake (Thickshake),1.277191011235955
1,Belgium Dark Chocolate Shake (Milkshake),Berryblast,1.277191011235955
1,Banana Shake (Milkshake),Coffee Shake (Thickshake),1.2757575757575759
1,Belgium Dark Chocolate Brownie Shake (Milkshake),Blackcurrent Shake (Milkshake),1.2680722891566263
10,Oreo Brownie Shake (Milkshake),Oreo Shake (Milkshake),1.2663770053475936
10,Choco Oreo Shake (Milkshake),Dry Fruit Shake (Milkshake),1.2632947687793816
2,Chilli Guava,Custard Apple (sitaphal),1.2596409574468084
4,Banana Shake (Milkshake),Chocolate Brownie Shake (Milkshake),1.258594917787743
1,Peanut Butter Brownie Shake (Thickshake),Strawberry Shake (Milkshake),1.2560220994475138
1,Coffee Shake (Milkshake),Strawberry Banana Shake (Milkshake),1.254635761589404
1,Nutella Brownie Shake (Milkshake),Wonder Vanilla Shake (Thickshake),1.2529761904761907
1,Blackcurrent Shake (Milkshake),Nutella Brownie Shake (Milkshake),1.2529761904761907
1,Nutella Brownie Shake (Milkshake),Oreo Banana Shake (Milkshake),1.2529761904761907
1,Chilli Guava Cooler,Wonder Vanilla Shake (Milkshake),1.2529761904761905
2,Belgium Dark Chocolate Shake (Milkshake),Oreo Brownie Shake (Thickshake),1.2521480502313287
2,Choco Oreo Shake (Milkshake),Kulfi Nuts Shake (Milkshake),1.2521480502313282
3,Oreo Shake (Milkshake),Oreo Shake (Thickshake),1.2500366568914958
8,Belgium Dark Chocolate Brownie Shake (Milkshake),Hazelnut Shake (Milkshake),1.2464328302972985
3,Chilli Pineapple,Chocolate Shake (Milkshake),1.2420236013986015
6,Banana Shake (Milkshake),Choco-Chip Brownie Shake (Milkshake),1.238235294117647
11,Hazelnut Shake (Thickshake),Waffles,1.236765578635015
2,Blue Curacao,Blueberry,1.2333984375
1,Blue Curacao Cooler,Oreo Shake (Milkshake),1.2301948051948053
1,Belgium Dark Chocolate Shake (Milkshake),Hazelnut Coffee,1.2280682800345724
2,Belgium Dark Chocolate Shake (Milkshake),Chocolate Strawberry Shake (Milkshake),1.2280682800345724
1,Belgium Dark Chocolate Shake (Milkshake),Pan Shake (Milkshake),1.2280682800345724
1,Belgium Dark Chocolate Shake (Milkshake),Snickers Shake (Milkshake),1.2280682800345724
2,Classic Lemonade Cooler,Waffles,1.2265443755057996
13,Blackcurrant Shake (Milkshake),Wonder Vanilla Shake (Milkshake),1.2254814151365874
4,Red Velvet Shake,Strawberry Shake (Milkshake),1.2253874140951357
1,Blackcurrant Shake (Thickshake),Kitkat Shake,1.2195043450273575
1,Coffee Brownie Shake (Milkshake),Kulfi Shake (Milkshake),1.2191119691119692
5,Blue Curacao,Choco-Chip Brownie Shake (Thickshake),1.2181712962962965
7,Caramel Shake (Milkshake),Classic Lemonade,1.217600881421292
14,Chocolate Brownie Shake (Milkshake),Mango Shake (Milkshake),1.2157126377949747
1,Choco Chip Brownie (Milkshake),Chocolate Shake (Milkshake),1.2144230769230768
6,Chocolate Brownie Shake (Milkshake),Nutella Brownie Shake (Milkshake),1.2136450992953236
4,Belgium Dark Chocolate Brownie Shake (Milkshake),Strawberry Banana Shake (Milkshake),1.209287481050028
1,Caramel Shake (Thickshake),Wonder Vanilla Shake (Milkshake),1.2028571428571428
7,Belgium Dark Chocolate Brownie Shake (Milkshake),Choco Oreo Shake (Milkshake),1.196832272911872
36,Strawberry Shake (Milkshake),Wonder Vanilla Shake (Milkshake),1.1962115232833466
2,Blackcurrant Shake (Milkshake),Coffee Shake (Milkshake),1.1877742946708465
1,Dates Shake (Milkshake),Nutella Brownie Shake (Milkshake),1.18703007518797
1,Choco-Chip Banana Shake (Milkshake),Chocolate Brownie Shake (Milkshake),1.1854207946605486
2,Kitkat Shake,Waffle,1.1743375174337518
2,Choco-Chip Brownie Shake (Thickshake),Kitkat Shake,1.1743375174337518
3,Strawberry Banana Shake (Milkshake),Strawberry Cooler,1.170126617026387
1,Banana Shake (Milkshake),Hazelnut Shake (Thickshake),1.1694444444444445
5,Kitkat Shake,Oreo Brownie Shake (Milkshake),1.1657026827467387
1,Chocolate Brownie Shake (Thickshake),Oreo Brownie Shake (Milkshake),1.160845588235294
1,Dry Fruit Shake (Thickshake),Kitkat Shake,1.1600163281967548
1,Kitkat Shake,Mango Shake (Thickshake),1.1600163281967548
1,Chilli Pineapple,Chocolate Brownie Shake (Milkshake),1.158479412963718
1,Pan Shake (Milkshake),Wonder Vanilla Shake (Milkshake),1.1565934065934067
1,Chilli Guava Cooler,Classic Lemonade,1.1523722627737227
1,Blackcurrant Shake (Milkshake),Green Apple,1.1494589948427547
1,Mango Shake (Milkshake),Pineapple,1.1390920933961317
1,Chocolate Shake (Milkshake),Chocolate Strawberry Shake (Thickshake),1.1385216346153846
12,Belgium Dark Chocolate Shake (Milkshake),Dry Fruit Shake (Milkshake),1.1369652919014437
6,Caramel Shake (Milkshake),Wonder Vanilla Shake (Milkshake),1.1347708894878707
5,Belgium Dark Chocolate Shake (Milkshake),Chilli Guava,1.1322615347836482
1,Banana Shake (Milkshake),Oreo Shake (Thickshake),1.131720430107527
10,Banana Shake (Milkshake),Chocolate Shake (Milkshake),1.1244658119658117
5,Chocolate Shake (Milkshake),Waffle,1.1244658119658117
1,Peanut Butter Banana Shake (Thickshake),Waffles,1.1243323442136497
1,Choco-Chip Banana (Milkshake),Waffles,1.1243323442136497
1,Day-night Waffles,Waffles,1.1243323442136497
5,Belgium Dark Chocolate Brownie Shake (Milkshake),Oreo Brownie Shake (Milkshake),1.1188873139617292
4,Classic Lemonade,Nutella Brownie Shake (Thickshake),1.117451891174519
2,Choco-Chip Brownie Shake (Thickshake),Nutella Brownie Shake (Milkshake),1.1137566137566137
4,Banana Shake (Milkshake),Nutella Brownie Shake (Milkshake),1.1137566137566137
1,Belgium Dark Chocolate Brownie Shake (Milkshake),Red Velvet Shake,1.113429327064355
1,Belgium Dark Chocolate Brownie Shake (Milkshake),Dry Fruit Shake (Thickshake),1.113429327064355
3,Belgium Dark Chocolate Shake (Thickshake),Hazelnut Shake (Milkshake),1.1084349098000976
6,Blackcurrant Shake (Milkshake),Strawberry Cooler,1.1077687722318774
3,Oreo Brownie Shake (Milkshake),Strawberry Banana Shake (Milkshake),1.1070315543435918
1,Berryblast,Classic Lemonade,1.1062773722627737
1,Classic Lemonade,Kulfi Nuts Shake (Thickshake),1.1062773722627737
1,Brownie Nuts Shake (Milkshake),Classic Lemonade,1.1062773722627737
1,Nutella Brownie Shake (Milkshake),Red Velvet Shake,1.1001742160278747
1,Dry Fruit Shake (Thickshake),Nutella Brownie Shake (Milkshake),1.1001742160278747
1,Blue Curacao,Oreo 'Go' Nuts Shake (Milkshake),1.0963541666666667
1,Blue Curacao,Strawberry Crunch Shake (Milkshake),1.0963541666666667
2,Banana Shake (Milkshake),Custard Apple (sitaphal),1.0963541666666665
1,Choco-Chip Brownie Shake (Thickshake),Custard Apple (sitaphal),1.0963541666666665
1,Oreo Brownie Shake (Milkshake),Oreo Brownie Shake (Thickshake),1.092560553633218
1,Nutella Waffles,Oreo Brownie Shake (Milkshake),1.092560553633218
7,Strawberry Shake (Milkshake),Waffle,1.085451197053407
1,Chocolate Brownie Shake (Milkshake),Coffee Brownie Shake (Thickshake),1.0845339185192253
4,Caramel Shake (Thickshake),Waffles,1.0793590504451038
8,Chocolate Brownie Shake (Milkshake),Wonder Vanilla Shake (Milkshake),1.0787956438180655
1,Hazelnut Shake (Milkshake),Oreo Banana Shake (Milkshake),1.0776450511945395
6,Cold Coffee,Hazelnut Coffee,1.0711122279109215
3,Belgium Dark Chocolate Brownie Shake (Milkshake),Custard Apple (sitaphal),1.0699359939759034
8,Blackcurrant Shake (Milkshake),Choco Oreo Shake (Milkshake),1.067662287344581
1,Caramel Shake (Milkshake),Fruit-A-List Shake (Milkshake),1.06702337369755
2,Blue Curacao,Cold Coffee Cooler,1.066722972972973
3,Kulfi Shake (Thickshake),Waffles,1.0651569576760893
1,Classic Lemonade,Snickers Shake (Milkshake),1.0637282425603596
1,Chocolate Brownie Shake (Milkshake),Chocolate Brownie Shake (Thickshake),1.061939461883408
2,Choco-Chip Brownie Shake (Milkshake),Kulfi Shake (Milkshake),1.0613445378151263
5,Caramel Shake (Milkshake),Dry Fruit Shake (Milkshake),1.060690890767594
1,Cad-b,Lemonade,1.05986013986014
1,Brownie Nuts Shake (Milkshake),Cad-b,1.05986013986014
1,Cad-b,Caramel Shake (Thickshake),1.05986013986014
3,Custard Apple (sitaphal),Nutella Brownie Shake (Milkshake),1.0571986607142858
4,Chocolate Brownie Shake (Milkshake),Strawberry Cooler,1.0564371848788308
4,Custard Apple (sitaphal),Dry Fruit Shake (Milkshake),1.0540615727002969
3,Choco-Dip Cookies Shake (Milkshake),Chocolate Shake (Milkshake),1.0509430473372783
1,Choco Oreo Shake (Thickshake),Nutella Brownie Shake (Milkshake),1.0490033222591362
2,Blackcurrant Shake (Milkshake),Kulfi Nuts Shake (Milkshake),1.0480361423566291
2,Cold Coffee Cooler,Mango Shake (Milkshake),1.0467332750126617
3,Strawberry Shake (Milkshake),Wonder Vanilla Shake (Thickshake),1.0466850828729284
1,Oreo Brownie (Milkshake),Strawberry Shake (Milkshake),1.0466850828729282
52,Chocolate Shake (Milkshake),Strawberry Shake (Milkshake),1.0466850828729282
1,Blueberry,Choco-Chip Brownie Shake (Milkshake),1.0447610294117649
5,Choco Oreo Shake (Milkshake),Oreo Brownie Shake (Milkshake),1.0434567085261068
5,Banana Shake (Milkshake),Dry Fruit Shake (Milkshake),1.0410484668644906
2,Cad-b,Oreo Brownie Shake (Thickshake),1.0390785684903332
1,Choco Oreo Shake (Milkshake),Red Velvet Shake,1.0383666758015895
8,Chocolate Strawberry Shake (Milkshake),Waffles,1.0378452408126
18,Dry Fruit Shake (Milkshake),Mango Shake (Milkshake),1.0343091411846181
1,Berryblast,Oreo Shake (Milkshake),1.0333636363636365
1,Caramel Shake (Thickshake),Oreo Shake (Milkshake),1.0333636363636365
1,Kulfi Nuts Shake (Thickshake),Oreo Shake (Milkshake),1.0333636363636365
3,Chocolate Brownie Shake (Milkshake),Coffee Brownie Shake (Milkshake),1.0332383953460187
1,Banana Shake (Milkshake),Kulfi Nuts Shake (Milkshake),1.031862745098039
7,Oreo Brownie Shake (Milkshake),Wonder Vanilla Shake (Milkshake),1.031862745098039
6,Oreo Shake (Milkshake),Strawberry Banana Shake (Milkshake),1.0265201685731489
1,Dates Shake (Milkshake),Hazelnut Shake (Milkshake),1.020926890605353
2,Belgium Dark Chocolate Shake (Milkshake),Kulfi Shake (Milkshake),1.0136436597110756
1,Coffee Shake (Thickshake),Oreo Brownie Shake (Milkshake),1.013101604278075
3,Chocolate Shake (Milkshake),Cookest N Cream Shake (Milkshake),1.0120192307692308
1,Coffee Brownie Shake (Thickshake),Kitkat Shake,1.0119291373631265
4,Belgium Dark Chocolate Shake (Thickshake),Cad-b,1.0093906093906093
2,Classic Lemonade,Coffee Shake (Thickshake),1.0057067020570671
2,Belgium Dark Chocolate Brownie Shake (Thickshake),Oreo Brownie Shake (Milkshake),1.0039745627980923
8,Choco Oreo Shake (Milkshake),Choco-Chip Brownie Shake (Milkshake),1.0017184401850627
4,Belgium Dark Chocolate Shake (Milkshake),Custard Apple (sitaphal),0.9978054775280899
5,Kulfi Shake (Milkshake),Strawberry Shake (Milkshake),0.9968429360694555
1,Chilli Guava,Waffle,0.9952718676122932
1,Oreo Shake (Milkshake),Strawberry Banana Shake (Thickshake),0.9936188811188813
1,Oreo Shake (Milkshake),Snickers Shake (Milkshake),0.9936188811188813
1,Chocolate Brownie Shake (Thickshake),Kitkat Shake,0.9908472803347279
1,Blackcurrant Shake (Milkshake),Wonder Vanilla Shake (Thickshake),0.9898119122257053
1,Blackcurrant Crunch Shake (Milkshake),Blue Curacao,0.9867187500000001
4,Oreo Brownie Shake (Thickshake),Strawberry Shake (Milkshake),0.9851153721156972
2,Chocolate Shake (Milkshake),Cold Coffee Cooler,0.9846673596673595
2,Choco-Chip Brownie Shake (Milkshake),Kulfi Nuts Shake (Milkshake),0.9833044982698962
1,Coffee Shake (Milkshake),Strawberry Cooler,0.9816062176165802
6,Hazelnut Shake (Milkshake),Kitkat Shake,0.973938623673726
3,Hazelnut Shake (Thickshake),Mango Shake (Milkshake),0.9682282793867121
2,Pan Shake (Milkshake),Strawberry Shake (Milkshake),0.966170845728857
1,Choco-A-List Shake (Milkshake),Strawberry Shake (Milkshake),0.966170845728857
1,Oreo Banana Shake (Thickshake),Waffles,0.9637134378974141
1,Choco Chip Brownie (Thickshake),Waffles,0.9637134378974141
1,Oreo Banana (Milkshake),Waffles,0.9637134378974141
1,Banana Crunch Shake (Thickshake),Waffles,0.9637134378974141
3,Belgium Dark Chocolate Brownie Shake (Thickshake),Blackcurrant Shake (Milkshake),0.963060238922308
2,Blue Curacao,Red Velvet Shake,0.9626524390243905
2,Kitkat Shake,Nutella Brownie Shake (Thickshake),0.9608216051730696
1,Coffee Brownie Shake (Thickshake),Nutella Brownie Shake (Milkshake),0.959726443768997
1,Coffee Brownie Shake (Milkshake),Waffle,0.9481981981981982
1,Dry Fruit Shake (Thickshake),Hazelnut Shake (Milkshake),0.9462249230000834
1,Hazelnut Shake (Milkshake),Mango Shake (Thickshake),0.9462249230000834
2,Mango Shake (Milkshake),Mango Shake (Thickshake),0.9446129554992314
2,Dry Fruit Shake (Thickshake),Mango Shake (Milkshake),0.9446129554992314
4,Blackcurrant Shake (Milkshake),Strawberry Banana Shake (Milkshake),0.943926591791401
9,Blackcurrant Shake (Milkshake),Choco-Chip Brownie Shake (Milkshake),0.9432325281209663
6,Choco Oreo Shake (Thickshake),Waffles,0.9413014974811953
1,Kitkat Shake,Oreo Brownie Shake (Thickshake),0.932562146197391
6,Choco-Chip Brownie Shake (Thickshake),Strawberry Shake (Milkshake),0.9303867403314918
1,Strawberry Banana Shake (Milkshake),Waffle,0.9293598233995585
1,Coffee Shake (Milkshake),Oreo Brownie Shake (Milkshake),0.9286764705882352
6,Hazelnut Shake (Milkshake),Nutella Brownie Shake (Milkshake),0.923695758166748
1,Blue Curacao Cooler,Mango Shake (Milkshake),0.9221221708444878
2,Classic Lemonade,Coffee Shake (Milkshake),0.9218978102189782
2,Custard Apple (sitaphal),Strawberry Cooler,0.9202558290155439
2,Belgium Dark Chocolate Brownie Shake (Thickshake),Chocolate Brownie Shake (Milkshake),0.9184341291964611
1,Cold Coffee Cooler,Dry Fruit Shake (Milkshake),0.911620819632689
3,Chocolate Shake (Milkshake),Coffee Shake (Milkshake),0.9108173076923077
6,Custard Apple (sitaphal),Mango Shake (Milkshake),0.9077140119250425
2,Choco-Chip Banana Shake (Milkshake),Mango Shake (Milkshake),0.9006774691969415
2,Choco Oreo Shake (Thickshake),Mango Shake (Milkshake),0.9006774691969415
3,Caramel Shake (Milkshake),Kitkat Shake,0.8973711218125838
1,Blue Curacao,Mango (Milkshake),0.8970170454545455
2,Blue Curacao,Chilli Pineapple,0.8970170454545455
1,Blue Curacao,Peanut Butter Banana Shake (Milkshake),0.8970170454545455
1,Custard Apple (sitaphal),Nutella Brownie Shake (Thickshake),0.8970170454545453
1,Belgium Dark Chocolate Brownie Shake (Milkshake),Nutella Waffles,0.8951098511693834
1,Classic Lemonade,Green Apple,0.8921591711796564
2,Chocolate Shake (Milkshake),Red Velvet Shake,0.8886022514071296
2,Chocolate Shake (Milkshake),Dry Fruit Shake (Thickshake),0.8886022514071296
1,Belgium Dark Chocolate Shake (Milkshake),Oreo Banana Shake (Milkshake),0.8869382022471911
1,Belgium Dark Chocolate Shake (Milkshake),Blackcurrent Shake (Milkshake),0.8869382022471911
7,Belgium Dark Chocolate Shake (Milkshake),Nutella Brownie Shake (Milkshake),0.886938202247191
4,Choco-Chip Brownie Shake (Milkshake),Strawberry Banana Shake (Milkshake),0.8856252434748735
4,Nutella Brownie Shake (Milkshake),Oreo Brownie Shake (Milkshake),0.884453781512605
1,Nutella Brownie Shake (Milkshake),Nutella Waffles,0.884453781512605
1,Nutella Brownie Shake (Milkshake),Oreo Brownie Shake (Thickshake),0.884453781512605
4,Blue Curacao Cooler,Cold Coffee,0.8840926325613953
2,Cad-b,Coffee Shake (Milkshake),0.8832167832167832
1,Caramel Shake (Milkshake),Waffle,0.8825995807127882
2,Banana Shake (Milkshake),Caramel Shake (Milkshake),0.8825995807127882
4,Choco Oreo Shake (Milkshake),Strawberry Cooler,0.8823426675205215
5,Blackcurrant Shake (Milkshake),Oreo Brownie Shake (Milkshake),0.8733634519638577
6,Choco Oreo Shake (Milkshake),Hazelnut Shake (Milkshake),0.8718027380450205
3,Blue Curacao,Kulfi Nuts Shake (Milkshake),0.8706341911764707
6,Cold Coffee,Mocha Coffee,0.8702786851776235
21,Chocolate Shake (Milkshake),Oreo Shake (Milkshake),0.869416520979021
1,Blackcurrant Shake (Milkshake),Dry Fruit Shake (Thickshake),0.8691031424420828
1,Chocolate Strawberry Shake (Milkshake),Nutella Brownie Shake (Milkshake),0.867445054945055
1,Blue Curacao Cooler,Chocolate Shake (Milkshake),0.8674450549450549
1,Coffee Shake (Thickshake),Kitkat Shake,0.8647394446557627
4,Belgium Dark Chocolate Shake (Milkshake),Coffee Brownie Shake (Milkshake),0.8629668994837535
3,Belgium Dark Chocolate Brownie Shake (Milkshake),Caramel Shake (Milkshake),0.8613321209365764
7,Coffee Shake (Thickshake),Waffles,0.8585810628540599
9,Mango Shake (Milkshake),Oreo Brownie Shake (Milkshake),0.8543190700470988
3,Caramel Shake (Milkshake),Nutella Brownie Shake (Milkshake),0.851078167115903
2,Choco-Chip Banana Shake (Milkshake),Chocolate Shake (Milkshake),0.8472719141323792
9,Belgium Dark Chocolate Shake (Milkshake),Choco-Chip Brownie Shake (Milkshake),0.8451999339061468
8,Chilli Pineapple,Cold Coffee,0.8439066038086046
2,Cold Coffee,Oreo Brownie (Thickshake),0.8439066038086046
1,5 Star Shake (Milkshake),Waffles,0.8432492581602373
1,Choco-Chip Banana Shake (Thickshake),Waffles,0.8432492581602373
1,Strawberry Cooler,Strawberry Shake (Thickshake),0.8413767579570688
4,Caramel Shake (Milkshake),Choco-Chip Brownie Shake (Milkshake),0.8410654827968924
1,Belgium Dark Chocolate Shake (Milkshake),Dates Shake (Milkshake),0.840257244234181
6,Choco-Chip Brownie Shake (Milkshake),Kitkat Shake,0.8393059315776521
4,Coffee Shake (Milkshake),Strawberry Shake (Milkshake),0.8373480662983426
1,Wonder Vanilla Shake (Milkshake),Wonder Vanilla Shake (Thickshake),0.8353174603174603
1,Blackcurrent Shake (Milkshake),Wonder Vanilla Shake (Milkshake),0.8353174603174603
1,Choco Oreo Shake (Milkshake),Oreo Brownie Shake (Thickshake),0.8347653668208855
1,Green Apple,Oreo Shake (Milkshake),0.8333577712609972
2,Dry Fruit Shake (Milkshake),Waffle,0.8328387734915924
1,Blackcurrant Shake (Milkshake),Choco-Chip Banana Shake (Milkshake),0.8286797404680324
1,Cad-b,Mocha Coffee,0.8280157342657343
2,Choco-Chip Brownie Shake (Milkshake),Waffle,0.8254901960784314
1,Blue Curacao,Chilli Guava Cooler,0.822265625
2,Blue Curacao,Chocolate Brownie Shake (Thickshake),0.822265625
1,Chocolate Brownie Shake (Milkshake),Oreo Shake (Thickshake),0.8221466801677998
2,Kulfi Shake (Milkshake),Oreo Shake (Milkshake),0.8201298701298703
1,Coffee Shake (Thickshake),Nutella Brownie Shake (Milkshake),0.8201298701298703
12,Oreo Shake (Milkshake),Wonder Vanilla Shake (Milkshake),0.8201298701298703
3,Cold Coffee,Waffle Special Offer,0.8190858213436457
1,Choco Oreo Shake (Milkshake),Choco-Dip Cookies Shake (Milkshake),0.8187121866897148
1,Belgium Dark Chocolate Shake (Milkshake),Blackcurrant Shake (Thickshake),0.8187121866897148
2,Classic Lemonade,Kulfi Nuts Shake (Milkshake),0.813439244310863
2,Belgium Dark Chocolate Shake (Thickshake),Choco Oreo Shake (Milkshake),0.8109149277688603
4,Belgium Dark Chocolate Shake (Milkshake),Caramel Shake (Milkshake),0.8032647869408522
6,Dry Fruit Shake (Milkshake),Nutella Brownie Shake (Milkshake),0.8030945315811785
3,Cad-b,Nutella Brownie Shake (Thickshake),0.8029243483788938
6,Blue Curacao,Coffee Brownie Shake (Milkshake),0.8000422297297298
1,Belgium Dark Chocolate Brownie Shake (Thickshake),Custard Apple (sitaphal),0.8000422297297297
5,Blackcurrant Shake (Milkshake),Chocolate Brownie Shake (Milkshake),0.7989513192853227
5,Banana Shake (Milkshake),Oreo Shake (Milkshake),0.797348484848485
6,Choco-Chip Brownie Shake (Milkshake),Nutella Brownie Shake (Milkshake),0.7960084033613447
2,Coffee Brownie Shake (Milkshake),Strawberry Cooler,0.7958969332026327
1,Hazelnut Shake (Thickshake),Kitkat Shake,0.7926778242677824
37,Mango Shake (Milkshake),Strawberry Shake (Milkshake),0.7917004715427259
1,Blue Curacao,Brownie Nuts Shake (Milkshake),0.7893750000000002
1,Blue Curacao,Kulfi Nuts Shake (Thickshake),0.7893750000000002
2,Belgium Dark Chocolate Shake (Milkshake),Choco-Chip Brownie Shake (Thickshake),0.7883895131086143
1,Chocolate Strawberry Shake (Thickshake),Strawberry Shake (Milkshake),0.7850138121546961
2,Blueberry,Strawberry Shake (Milkshake),0.7850138121546961
1,Choco-Chip Banana Shake (Milkshake),Dry Fruit Shake (Milkshake),0.7844179145676626
3,Nutella Brownie Shake (Thickshake),Oreo Shake (Milkshake),0.7828512396694216
2,Cad-b,Kulfi Nuts Shake (Milkshake),0.77930892636775
10,Banana Shake (Milkshake),Strawberry Shake (Milkshake),0.7753222836095764
1,Berryblast,Mango Shake (Milkshake),0.7745826235093697
1,Brownie Nuts Shake (Milkshake),Mango Shake (Milkshake),0.7745826235093697
1,Choco Oreo Shake (Milkshake),Coffee Shake (Thickshake),0.7740551583248213
8,Blue Curacao,Oreo Brownie Shake (Milkshake),0.7738970588235294
10,Cold Coffee,Hazelnut Shake (Thickshake),0.773581053491221
3,Cold Coffee,Strawberry Crunch Shake (Milkshake),0.773581053491221
1,Choco-Chip Banana (Milkshake),Cold Coffee,0.7735810534912209
2,Fruit-A-List Shake (Milkshake),Oreo Shake (Milkshake),0.7711668928086839
6,Belgium Dark Chocolate Brownie Shake (Milkshake),Belgium Dark Chocolate Shake (Milkshake),0.7693921754433464
1,Kitkat Shake,Oreo Shake (Thickshake),0.7671075718720476
1,Chilli Pineapple,Dry Fruit Shake (Milkshake),0.766590234691125
1,Belgium Dark Chocolate Brownie Shake (Milkshake),Hazelnut Shake (Thickshake),0.7608433734939759
1,Chocolate Brownie Shake (Milkshake),Fruit-A-List Shake (Milkshake),0.7607924503045311
1,Hazelnut Shake (Milkshake),Nutella Waffles,0.7606906243726159
4,Hazelnut Shake (Milkshake),Oreo Brownie Shake (Milkshake),0.7606906243726159
1,Chilli Pineapple,Choco-Chip Brownie Shake (Milkshake),0.7598262032085562
1,Blue Curacao,Strawberry Banana Shake (Thickshake),0.7590144230769231
1,Blue Curacao,Snickers Shake (Milkshake),0.7590144230769231
1,Blackcurrant Shake (Milkshake),Chocolate Shake (Thickshake),0.7581538051090508
1,Kitkat Shake,Kulfi Shake (Milkshake),0.7549312612074118
4,Kitkat Shake,Nutella Brownie Shake (Milkshake),0.7549312612074118
1,Chocolate Brownie Shake (Milkshake),Kulfi Nuts Shake (Milkshake),0.7496043260353468
2,Strawberry Crunch Shake (Milkshake),Waffles,0.7495548961424333
1,Peanut Butter Shake (Milkshake),Waffles,0.7495548961424333
4,Classic Lemonade,Coffee Brownie Shake (Milkshake),0.7474847109883607
1,Classic Lemonade,Cold Coffee Cooler,0.7474847109883607
7,Belgium Dark Chocolate Brownie Shake (Milkshake),Cad-b,0.7448816243996966
1,Mango Shake (Milkshake),Pan Shake (Milkshake),0.7447909841436248
1,Belgium Dark Chocolate Shake (Milkshake),Choco-Chip Banana Shake (Milkshake),0.7425529135092762
2,Choco-Chip Brownie Shake (Thickshake),Wonder Vanilla Shake (Milkshake),0.7425044091710759
10,Blue Curacao,Choco Oreo Shake (Milkshake),0.7391151685393258
1,Pineapple,Strawberry Shake (Milkshake),0.7388365290867729
4,Kulfi Nuts Shake (Milkshake),Strawberry Shake (Milkshake),0.7388365290867729
3,Belgium Dark Chocolate Shake (Thickshake),Oreo Shake (Milkshake),0.7381168831168833
1,Cad-b,Wonder Vanilla Shake (Thickshake),0.736013986013986
14,Kitkat Shake,Strawberry Shake (Milkshake),0.7357451628562842
1,Red Velvet Shake,Wonder Vanilla Shake (Milkshake),0.7334494773519165
3,Caramel Shake (Milkshake),Hazelnut Shake (Milkshake),0.7319853177925173
1,Belgium Dark Chocolate Shake (Thickshake),Coffee Brownie Shake (Milkshake),0.7314671814671815
3,Blue Curacao,Waffle,0.7309027777777779
6,Blackcurrant Shake (Milkshake),Hazelnut Shake (Milkshake),0.7296906929718511
4,Cold Coffee Cooler,Waffles,0.7292966557061512
1,Berryblast,Chocolate Shake (Milkshake),0.7286538461538462
1,Chocolate Brownie Shake (Milkshake),Strawberry Shake (Thickshake),0.7281870595771941
1,Strawberry Cooler,Waffle,0.7271157167530223
1,Belgium Dark Chocolate Shake (Milkshake),Chilli Pineapple,0.7256767109295199
3,Choco-Dip Cookies Shake (Milkshake),Strawberry Shake (Milkshake),0.7246281342966427
2,Blackcurrant Shake (Milkshake),Nutella Brownie Shake (Thickshake),0.7198632088914221
3,Banana Shake (Milkshake),Hazelnut Shake (Milkshake),0.7184300341296929
1,Cookest N Cream Shake (Milkshake),Hazelnut Shake (Milkshake),0.7184300341296929
1,Coffee Brownie Shake (Thickshake),Dry Fruit Shake (Milkshake),0.7176589431150957
7,Nutella Brownie Shake (Milkshake),Oreo Shake (Milkshake),0.7176136363636364
1,Choco-Chip Brownie Shake (Milkshake),Coffee Brownie Shake (Thickshake),0.7113266583229036
9,Caramel Shake (Milkshake),Strawberry Shake (Milkshake),0.7109559053476493
1,Banana Shake (Milkshake),Nutella Brownie Shake (Thickshake),0.7087542087542087
8,Choco-Chip Brownie Shake (Milkshake),Wonder Vanilla Shake (Milkshake),0.7075630252100841
5,Blackcurrant Shake (Milkshake),Nutella Brownie Shake (Milkshake),0.7070085087326466
5,Dry Fruit Shake (Milkshake),Kitkat Shake,0.7056479147784412
1,Chocolate Brownie Shake (Thickshake),Dry Fruit Shake (Milkshake),0.7027077151335311
7,Belgium Dark Chocolate Shake (Milkshake),Blackcurrant Shake (Milkshake),0.7006533760698812
1,Chocolate Shake (Milkshake),Hazelnut Coffee,0.7006286982248522
1,Kitkat Shake,Kulfi Nuts Shake (Milkshake),0.6994216096480433
1,Choco-Chip Banana Shake (Milkshake),Wonder Vanilla Shake (Milkshake),0.6993355481727574
9,Belgium Dark Chocolate Shake (Milkshake),Classic Lemonade,0.6991921594357419
4,Belgium Dark Chocolate Brownie Shake (Thickshake),Mango Shake (Milkshake),0.6978221833417744
1,Chilli Pineapple Cooler,Strawberry Shake (Milkshake),0.6977900552486188
3,Cookest N Cream Shake (Milkshake),Strawberry Shake (Milkshake),0.6977900552486188
2,Oreo Banana Shake (Milkshake),Strawberry Shake (Milkshake),0.6977900552486188
1,Oreo 'Go' Nuts Shake (Milkshake),Strawberry Shake (Milkshake),0.6977900552486188
1,Cad-b,Dates Shake (Milkshake),0.6972764078027236
1,Choco-Chip Brownie Shake (Milkshake),Chocolate Brownie Shake (Thickshake),0.6965073529411765
6,Classic Lemonade,Kitkat Shake,0.694316342424335
1,Oreo Brownie Shake (Milkshake),Waffle,0.6879084967320261
1,Choco-Chip Brownie Shake (Thickshake),Oreo Brownie Shake (Milkshake),0.6879084967320261
1,Choco Oreo Shake (Milkshake),Oreo Shake (Thickshake),0.6866618339978253
1,Blackcurrant Shake (Milkshake),Choco-Dip Cookies Shake (Milkshake),0.6852544007716422
24,Oreo Shake (Milkshake),Strawberry Shake (Milkshake),0.6851029633350076
6,Choco-Chip Brownie Shake (Milkshake),Hazelnut Shake (Milkshake),0.6846215619353544
9,Choco-Chip Brownie Shake (Milkshake),Oreo Shake (Milkshake),0.6838435828877006
3,Coffee Brownie Shake (Milkshake),Dry Fruit Shake (Milkshake),0.6837156147245168
1,Chilli Pineapple,Wonder Vanilla Shake (Milkshake),0.6834415584415585
4,Banana Shake (Milkshake),Classic Lemonade,0.6828872668288728
22,Chocolate Shake (Milkshake),Mango Shake (Milkshake),0.6827250687983226
1,Blackcurrant Shake (Thickshake),Cad-b,0.6793975255513717
1,Belgium Dark Chocolate Shake (Milkshake),Chocolate Shake (Thickshake),0.6793569208701888
1,Belgium Dark Chocolate Shake (Milkshake),Coffee Brownie Shake (Thickshake),0.6793569208701888
2,Cold Coffee Cooler,Strawberry Shake (Milkshake),0.6789308645662238
1,Belgium Dark Chocolate Brownie Shake (Thickshake),Strawberry Banana Shake (Milkshake),0.6781814927510291
11,Oreo Brownie Shake (Milkshake),Strawberry Shake (Milkshake),0.6772668183295418
12,Chocolate Brownie Shake (Milkshake),Strawberry Shake (Milkshake),0.6758863315412631
14,Chocolate Shake (Milkshake),Wonder Vanilla Shake (Milkshake),0.6746794871794871
2,Dry Fruit Waffles,Waffles,0.6745994065281898
1,Pineapple Mojito,Waffles,0.6745994065281898
7,Strawberry Shake (Thickshake),Waffles,0.6745994065281898
1,Brownie Nuts Shake (Thickshake),Waffles,0.6745994065281898
1,Classic Lemonade,Mango Shake (Thickshake),0.6745593733309596
5,Belgium Dark Chocolate Brownie Shake (Milkshake),Choco-Chip Brownie Shake (Milkshake),0.6713323883770376
8,Strawberry Banana Shake (Milkshake),Strawberry Shake (Milkshake),0.6654421718927226
6,Cad-b,Kitkat Shake,0.6651841881967405
1,Cold Coffee,Oreo Banana (Milkshake),0.6630694744210465
1,Choco Chip Brownie (Thickshake),Cold Coffee,0.6630694744210465
1,Cold Coffee,Oreo Banana Shake (Thickshake),0.6630694744210465
1,Blackcurrant Shake (Thickshake),Oreo Shake (Milkshake),0.6624125874125875
1,Dry Fruit Shake (Milkshake),Oreo Brownie Shake (Thickshake),0.6613719671844999
5,Nutella Waffles,Waffles,0.6613719671844998
5,Oreo Brownie Shake (Thickshake),Waffles,0.6613719671844998
1,Kulfi Shake (Thickshake),Strawberry Shake (Milkshake),0.6610642628671126
8,Blue Curacao,Kitkat Shake,0.6605648535564854
1,Blackcurrant Shake (Milkshake),Cookest N Cream Shake (Milkshake),0.6598746081504703
2,Blue Curacao,Coffee Shake (Milkshake),0.6578125
2,Blue Curacao,Hazelnut Shake (Thickshake),0.6578125
4,Belgium Dark Chocolate Brownie Shake (Thickshake),Chocolate Shake (Milkshake),0.6564449064449065
1,Choco-Dip Cookies Shake (Milkshake),Dry Fruit Shake (Milkshake),0.6486532755078749
3,Classic Lemonade,Custard Apple (sitaphal),0.6482093978102191
8,Kitkat Shake,Mango Shake (Milkshake),0.6481862958237403
1,Hazelnut Shake (Milkshake),Hazelnut Shake (Thickshake),0.6465870307167236
1,Cad-b,Dry Fruit Shake (Thickshake),0.6462561828415487
2,Coffee Shake (Milkshake),Mango Shake (Milkshake),0.6454855195911414
1,Choco-Chip Banana Shake (Milkshake),Classic Lemonade,0.6431845187574267
1,Choco Oreo Shake (Thickshake),Classic Lemonade,0.6431845187574267
1,Choco-Chip Brownie Shake (Milkshake),Chocolate Strawberry Shake (Milkshake),0.6429298642533937
2,Coffee Brownie Shake (Milkshake),Kitkat Shake,0.64271174940631
6,Kulfi Shake (Milkshake),Waffles,0.6424756252649428
2,Caramel Shake (Milkshake),Chocolate Brownie Shake (Milkshake),0.6411709958541332
3,Chilli Guava,Wonder Vanilla Shake (Milkshake),0.6398176291793314
1,Chocolate Shake (Thickshake),Wonder Vanilla Shake (Milkshake),0.6398176291793314
2,Oreo Shake (Milkshake),Waffle,0.6378787878787879
3,Cold Coffee,Peanut Butter Banana Shake (Milkshake),0.6329299528564535
1,Banana Shake (Milkshake),Belgium Dark Chocolate Brownie Shake (Thickshake),0.6321321321321322
6,Cad-b,Nutella Brownie Shake (Milkshake),0.630869130869131
1,Mango Shake (Thickshake),Oreo Shake (Milkshake),0.63009977827051
1,Dry Fruit Shake (Thickshake),Oreo Shake (Milkshake),0.63009977827051
1,Oreo Shake (Milkshake),Red Velvet Shake,0.63009977827051
1,Choco-Chip Brownie Shake (Thickshake),Chocolate Brownie Shake (Milkshake),0.6292974588938715
1,Chocolate Brownie Shake (Milkshake),Waffle,0.6292974588938715
1,Blackcurrant Crunch Shake (Milkshake),Strawberry Shake (Milkshake),0.6280110497237569
1,Banana Crunch Shake (Milkshake),Strawberry Shake (Milkshake),0.6280110497237569
2,Blue Curacao,Kulfi Shake (Milkshake),0.6264880952380953
7,Chocolate Strawberry Shake (Milkshake),Cold Coffee,0.6248154662813707
1,Cookest N Cream Shake (Milkshake),Dry Fruit Shake (Milkshake),0.6246290801186944
8,Cad-b,Choco-Chip Brownie Shake (Milkshake),0.6234471410942
7,Blue Curacao,Chocolate Brownie Shake (Milkshake),0.6194646860986547
1,Choco-Chip Brownie Shake (Milkshake),Cookest N Cream Shake (Milkshake),0.6191176470588236
10,Blackcurrant Shake (Milkshake),Blue Curacao,0.6186324451410659
2,Belgium Dark Chocolate Brownie Shake (Milkshake),Coffee Brownie Shake (Milkshake),0.6169000325626831
4,Blue Curacao,Custard Apple (sitaphal),0.61669921875
1,Cad-b,Choco-Chip Banana Shake (Milkshake),0.6161977557326396
1,Hazelnut Shake (Milkshake),Kulfi Shake (Milkshake),0.6157971721111652
5,Chocolate Shake (Milkshake),Coffee Brownie Shake (Milkshake),0.6154170997920997
12,Mango Shake (Milkshake),Wonder Vanilla Shake (Milkshake),0.6147481138963252
3,Belgium Dark Chocolate Brownie Shake (Milkshake),Chocolate Brownie Shake (Milkshake),0.6141336647036577
8,Dry Fruit Shake (Milkshake),Oreo Shake (Milkshake),0.6132721877528999
1,Fruit A List Shake (Milkshake),Waffles,0.6132721877528998
2,Dry Fruit Shake (Thickshake),Strawberry Shake (Milkshake),0.6126937070475679
2,Coffee Brownie Shake (Milkshake),Nutella Brownie Shake (Milkshake),0.6095559845559846
5,Caramel Shake (Milkshake),Mango Shake (Milkshake),0.6089486033878693
2,Belgium Dark Chocolate Shake (Milkshake),Belgium Dark Chocolate Shake (Thickshake),0.6081861958266452
1,Choco-Chip Brownie Shake (Milkshake),Coffee Shake (Thickshake),0.6078609625668451
3,Oreo Shake (Thickshake),Strawberry Shake (Milkshake),0.6077526287649262
2,Nutella Brownie Shake (Thickshake),Wonder Vanilla Shake (Milkshake),0.6075036075036075
10,Blackcurrant Shake (Milkshake),Mango Shake (Milkshake),0.6070396735966846
3,Custard Apple (sitaphal),Oreo Shake (Milkshake),0.6054865056818183
1,Blueberry,Mango Shake (Milkshake),0.605142674616695
18,Blue Curacao,Mango Shake (Milkshake),0.605142674616695
5,Belgium Dark Chocolate Brownie Shake (Milkshake),Wonder Vanilla Shake (Milkshake),0.6038439472174412
1,Cad-b,Chilli Pineapple,0.6021932612841704
6,Mango Shake (Milkshake),Strawberry Cooler,0.6020072203440697
1,Choco-Chip Banana Shake (Milkshake),Oreo Shake (Milkshake),0.6007928118393235
1,Coffee Brownie Shake (Milkshake),Custard Apple (sitaphal),0.6000316722972973
3,Blue Curacao,Nutella Brownie Shake (Thickshake),0.5980113636363636
2,Nutella Brownie Shake (Milkshake),Strawberry Banana Shake (Milkshake),0.597445600756859
1,Nutella Brownie Shake (Thickshake),Strawberry Cooler,0.5949128591615638
5,Cad-b,Chocolate Brownie Shake (Milkshake),0.5940920066480605
1,Nutella Waffles,Wonder Vanilla Shake (Milkshake),0.5896358543417367
2,Blue Curacao,Fruit-A-List Shake (Milkshake),0.5890858208955224
3,Mango Shake (Milkshake),Nutella Brownie Shake (Thickshake),0.5868050178101285
2,Choco-Chip Banana Shake (Milkshake),Strawberry Shake (Milkshake),0.5841963253244251
13,Strawberry Banana Shake (Milkshake),Waffles,0.5807809460176468
1,Belgium Dark Chocolate Shake (Milkshake),Coffee Shake (Thickshake),0.5805413687436161
10,Blue Curacao,Choco-Chip Brownie Shake (Milkshake),0.5804227941176471
3,Chilli Guava Cooler,Cold Coffee,0.5801857901184156
1,Chocolate Strawberry Shake (Milkshake),Wonder Vanilla Shake (Milkshake),0.5782967032967034
24,Cold Coffee,Strawberry Cooler,0.5771796461281649
2,Choco Oreo Shake (Milkshake),Coffee Brownie Shake (Milkshake),0.5753112663225023
1,Blackcurrant Shake (Milkshake),Oreo Shake (Thickshake),0.5747294974213774
4,Coffee Brownie Shake (Thickshake),Waffles,0.5741271544920765
10,Blackcurrant Shake (Milkshake),Chocolate Shake (Milkshake),0.5710453339763684
10,Choco-Chip Brownie Shake (Milkshake),Mango Shake (Milkshake),0.569546046698066
2,Kulfi Nuts Shake (Milkshake),Mango Shake (Milkshake),0.5695460466980659
1,Blueberry,Chocolate Shake (Milkshake),0.5692608173076923
1,Blackcurrant Shake (Milkshake),Kulfi Shake (Milkshake),0.5656068069861173
12,Choco Oreo Shake (Milkshake),Strawberry Shake (Milkshake),0.5645043143584332
2,Choco Oreo Shake (Milkshake),Strawberry Banana Shake (Milkshake),0.563881241163777
1,Cad-b,Chocolate Shake (Thickshake),0.5637553935426276
1,Belgium Dark Chocolate Brownie Shake (Milkshake),Waffle,0.5635876840696117
1,Dry Fruit Shake (Milkshake),Hazelnut Shake (Thickshake),0.562166172106825
1,Snickers Shake (Thickshake),Waffles,0.5621661721068248
4,Chocolate Brownie Shake (Thickshake),Waffles,0.5621661721068248
17,Chilli Guava,Cold Coffee,0.5596118259298194
16,Strawberry Cooler,Waffles,0.5592533940130071
1,Choco-Chip Brownie Shake (Milkshake),Coffee Shake (Milkshake),0.5572058823529412
1,Nutella Brownie Shake (Milkshake),Waffle,0.5568783068783069
1,Cookest N Cream Shake (Milkshake),Wonder Vanilla Shake (Milkshake),0.5568783068783069
1,Hazelnut Shake (Milkshake),Strawberry Shake (Thickshake),0.5542174549000488
3,Belgium Dark Chocolate Shake (Thickshake),Mango Shake (Milkshake),0.5532733025066926
24,Hazelnut Shake (Milkshake),Waffles,0.5525728927193365
1,Cad-b,Chocolate Brownie Shake (Thickshake),0.5520104895104895
7,Cad-b,Dry Fruit Shake (Milkshake),0.5503724761884998
18,Classic Lemonade,Strawberry Shake (Milkshake),0.550082671290882
4,Cad-b,Strawberry Cooler,0.5491503315337513
7,Blue Curacao,Nutella Brownie Shake (Milkshake),0.5481770833333334
1,Blue Curacao,Oreo Banana Shake (Milkshake),0.5481770833333334
1,Chilli Guava,Coffee Brownie Shake (Milkshake),0.5447096032202415
6,Cad-b,Hazelnut Shake (Milkshake),0.542590515286761
1,Classic Lemonade,Nutella Waffles,0.5422928295405754
7,Coffee Shake (Milkshake),Cold Coffee,0.5415067374438547
10,Chocolate Shake (Milkshake),Dry Fruit Shake (Milkshake),0.5405443962565624
2,Brownie Nuts Shake (Milkshake),Waffles,0.5396795252225519
1,Chocolate Brownie Shake (Thickshake),Oreo Shake (Milkshake),0.5382102272727273
1,Blackcurrent Shake (Milkshake),Mango Shake (Milkshake),0.5379045996592845
3,Cad-b,Coffee Brownie Shake (Milkshake),0.5370912870912871
2,Chocolate Shake (Milkshake),Kulfi Nuts Shake (Milkshake),0.5357748868778279
3,Cold Coffee,Pan Shake (Milkshake),0.5355561139554608
1,Chilli Guava,Strawberry Banana Shake (Milkshake),0.5338875581231506
7,Chocolate Shake (Milkshake),Kitkat Shake,0.5335331509494688
3,Dates Shake (Milkshake),Waffles,0.5325784788380447
1,Belgium Dark Chocolate Shake (Milkshake),Coffee Shake (Milkshake),0.5321629213483147
1,Chocolate Strawberry Shake (Milkshake),Classic Lemonade,0.5318641212801798
1,Choco-Dip Cookies Shake (Milkshake),Classic Lemonade,0.5318641212801798
1,Blackcurrant Shake (Milkshake),Fruit-A-List Shake (Milkshake),0.5318392364197819
1,Belgium Dark Chocolate Shake (Thickshake),Oreo Brownie Shake (Milkshake),0.5306722689075629
1,Belgium Dark Chocolate Brownie Shake (Thickshake),Strawberry Cooler,0.5305979554684218
3,Cad-b,Strawberry Banana Shake (Milkshake),0.5264205992682814
1,Choco Oreo Shake (Milkshake),Waffle,0.5255930087390761
2,Chocolate Shake (Milkshake),Strawberry Shake (Thickshake),0.520467032967033
3,Choco-Chip Brownie Shake (Milkshake),Strawberry Cooler,0.5196738799146602
1,Cad-b,Nutella Waffles,0.5195392842451666
1,Blue Curacao,Dates Shake (Milkshake),0.5193256578947368
2,Pan Shake (Milkshake),Waffles,0.5189226204063
1,Choco-A-List Shake (Milkshake),Waffles,0.5189226204063
3,Blackcurrant Shake (Thickshake),Waffles,0.5189226204062999
8,Cad-b,Classic Lemonade,0.5157470266959319
4,Cold Coffee,Wonder Vanilla Shake (Thickshake),0.5157207023274807
1,Belgium Dark Chocolate Shake (Milkshake),Oreo Shake (Thickshake),0.514996375498369
17,Chocolate Brownie Shake (Milkshake),Waffles,0.514268605873508
1,Cad-b,Chocolate Strawberry Shake (Milkshake),0.5095481441635288
1,Blackcurrant Shake (Milkshake),Strawberry Shake (Thickshake),0.5090461262875057
1,Coffee Brownie Shake (Milkshake),Strawberry Banana Shake (Milkshake),0.5086361195632719
45,Classic Lemonade,Cold Coffee,0.5081919329504371
7,Choco Oreo Shake (Milkshake),Mango Shake (Milkshake),0.507685240127864
1,Caramel Shake (Milkshake),Chilli Guava,0.5070252910477719
3,Choco Oreo Shake (Milkshake),Nutella Brownie Shake (Milkshake),0.5068218298555377
11,Blue Curacao,Cad-b,0.5060096153846154
1,Blackcurrant Shake (Thickshake),Blue Curacao,0.5060096153846154
1,Chocolate Shake (Milkshake),Oreo Banana Shake (Milkshake),0.5060096153846154
10,Belgium Dark Chocolate Brownie Shake (Milkshake),Strawberry Shake (Milkshake),0.504426545962857
1,Dry Fruit Shake (Milkshake),Fruit-A-List Shake (Milkshake),0.503432392931485
1,Brownie Nuts Shake (Milkshake),Strawberry Shake (Milkshake),0.5024088397790056
1,Caramel Shake (Thickshake),Strawberry Shake (Milkshake),0.5024088397790056
1,Kulfi Nuts Shake (Thickshake),Strawberry Shake (Milkshake),0.5024088397790056
1,Berryblast,Strawberry Shake (Milkshake),0.5024088397790056
1,Coffee Shake (Milkshake),Wonder Vanilla Shake (Milkshake),0.5011904761904762
6,Choco-Chip Brownie Shake (Thickshake),Waffles,0.49970326409495547
1,Choco-Chip Brownie Shake (Milkshake),Fruit-A-List Shake (Milkshake),0.49899034240561896
2,Belgium Dark Chocolate Brownie Shake (Thickshake),Classic Lemonade,0.49832314065890715
1,Choco-Dip Cookies Shake (Milkshake),Oreo Shake (Milkshake),0.49680944055944065
3,Belgium Dark Chocolate Shake (Milkshake),Strawberry Cooler,0.4963177504802935
5,Cad-b,Choco Oreo Shake (Milkshake),0.4961892040543726
5,Kulfi Nuts Shake (Milkshake),Waffles,0.49602897538837487
3,Red Velvet Shake,Waffles,0.4936093218498951
45,Cad-b,Cold Coffee,0.48686919450496413
1,Oreo Shake (Thickshake),Wonder Vanilla Shake (Milkshake),0.4850230414746544
11,Mango Shake (Milkshake),Oreo Shake (Milkshake),0.4841141396933561
1,Strawberry Banana Shake (Thickshake),Strawberry Shake (Milkshake),0.4830854228644285
1,Snickers Shake (Milkshake),Strawberry Shake (Milkshake),0.4830854228644285
1,Hazelnut Coffee,Strawberry Shake (Milkshake),0.4830854228644285
1,Caramel Shake (Milkshake),Coffee Brownie Shake (Milkshake),0.4830443651198368
1,Cad-b,Coffee Shake (Thickshake),0.48175460902733636
2,Blackcurrant Shake (Milkshake),Coffee Brownie Shake (Milkshake),0.4815301194611539
1,Blue Curacao,Mango Shake (Thickshake),0.48132621951219523
1,Choco-Chip Brownie Shake (Thickshake),Hazelnut Shake (Milkshake),0.4789533560864619
1,Kulfi Shake (Milkshake),Wonder Vanilla Shake (Milkshake),0.4773242630385488
1,Belgium Dark Chocolate Shake (Milkshake),Fruit-A-List Shake (Milkshake),0.47656381016266985
9,Custard Apple (sitaphal),Waffles,0.47432770771513344
2,Chilli Guava,Choco-Chip Brownie Shake (Milkshake),0.4742177722152691
1,Banana Shake (Milkshake),Coffee Brownie Shake (Milkshake),0.4740990990990991
5,Classic Lemonade,Hazelnut Shake (Milkshake),0.47196133628957926
11,Hazelnut Shake (Milkshake),Strawberry Shake (Milkshake),0.47154413289838404
7,Blue Curacao,Hazelnut Shake (Milkshake),0.47146970989761094
3,Choco-Chip Banana Shake (Milkshake),Waffles,0.47065074874059765
1,Coffee Shake (Thickshake),Oreo Shake (Milkshake),0.469710743801653
1,Blackcurrant Shake (Thickshake),Chocolate Shake (Milkshake),0.46708579881656803
2,Belgium Dark Chocolate Brownie Shake (Thickshake),Oreo Shake (Milkshake),0.46547911547911547
1,Banana Shake (Milkshake),Strawberry Banana Shake (Milkshake),0.46467991169977924
2,Cold Coffee,Dry Fruit Waffles,0.46414863209473256
2,Banana Crunch Shake (Milkshake),Cold Coffee,0.46414863209473256
1,Cold Coffee,Pineapple Mojito,0.46414863209473256
1,Classic Lemonade,Hazelnut Shake (Thickshake),0.4609489051094891
3,Chilli Pineapple,Waffles,0.4599541408146749
1,Blue Curacao,Choco Oreo Shake (Thickshake),0.4589389534883721
2,Coffee Shake (Thickshake),Strawberry Shake (Milkshake),0.4567353088900051
17,Nutella Brownie Shake (Milkshake),Waffles,0.4550869012293345
3,Chocolate Brownie Shake (Milkshake),Dry Fruit Shake (Milkshake),0.453766416947213
4,Belgium Dark Chocolate Brownie Shake (Thickshake),Strawberry Shake (Milkshake),0.4526205763774825
1,Choco Chip Brownie (Milkshake),Waffles,0.4497329376854599
4,Coffee Shake (Milkshake),Waffles,0.4497329376854599
1,Fruit-A-List Shake (Milkshake),Wonder Vanilla Shake (Milkshake),0.44882729211087424
9,Nutella Brownie Shake (Milkshake),Strawberry Shake (Milkshake),0.44857932123125493
10,Blue Curacao,Oreo Shake (Milkshake),0.4485085227272728
2,Dry Fruit Shake (Milkshake),Strawberry Banana Shake (Milkshake),0.44675457385972844
1,Classic Lemonade,Oreo Shake (Thickshake),0.4460795855898282
1,Chocolate Shake (Milkshake),Mango Shake (Thickshake),0.4443011257035648
12,Choco-Chip Brownie Shake (Milkshake),Strawberry Shake (Milkshake),0.4433019174520638
55,Blue Curacao,Cold Coffee,0.4431974785626786
1,Cad-b,Hazelnut Shake (Thickshake),0.4416083916083916
1,Chilli Pineapple,Mango Shake (Milkshake),0.44010376335759643
7,Classic Lemonade,Oreo Shake (Milkshake),0.43999668214996684
1,Classic Lemonade,Kulfi Shake (Milkshake),0.43899895724713245
1,Custard Apple (sitaphal),Oreo Brownie Shake (Milkshake),0.4353170955882353
4,Oreo Shake (Thickshake),Waffles,0.4352254235665742
8,Belgium Dark Chocolate Shake (Milkshake),Mango Shake (Milkshake),0.4351587772524549
1,Belgium Dark Chocolate Brownie Shake (Milkshake),Belgium Dark Chocolate Shake (Thickshake),0.43476764199655765
5,Blackcurrant Shake (Milkshake),Classic Lemonade,0.43349426812804615
16,Belgium Dark Chocolate Brownie Shake (Milkshake),Waffles,0.4334775302992384
3,Chocolate Shake (Thickshake),Waffles,0.4305953658690574
1,Hazelnut Shake (Thickshake),Oreo Shake (Milkshake),0.43056818181818185
1,Choco Oreo Shake (Milkshake),Nutella Brownie Shake (Thickshake),0.4300306435137895
13,Oreo Brownie Shake (Milkshake),Waffles,0.42989177866992484
1,Belgium Dark Chocolate Shake (Thickshake),Nutella Brownie Shake (Milkshake),0.42959183673469387
17,Choco Oreo Shake (Milkshake),Waffles,0.4295202213849898
3,Belgium Dark Chocolate Brownie Shake (Milkshake),Blackcurrant Shake (Milkshake),0.42931601012199266
3,Chocolate Shake (Milkshake),Custard Apple (sitaphal),0.4269456129807693
2,Chocolate Brownie Shake (Milkshake),Kitkat Shake,0.42655308929208025
9,Classic Lemonade,Mango Shake (Milkshake),0.4240415822131586
1,Choco Oreo Shake (Thickshake),Chocolate Shake (Milkshake),0.4236359570661896
15,Kitkat Shake,Waffles,0.42338874886706473
1,Cold Coffee,Cookest N Cream Shake (Thickshake),0.4219533019043023
1,Blue Curacao,Chocolate Shake (Thickshake),0.4198803191489362
1,Blue Curacao,Coffee Brownie Shake (Thickshake),0.4198803191489362
8,Blue Curacao,Wonder Vanilla Shake (Milkshake),0.4176587301587302
22,Belgium Dark Chocolate Shake (Milkshake),Waffles,0.416887273697196
1,Choco-Chip Brownie Shake (Thickshake),Dry Fruit Shake (Milkshake),0.4164193867457962
3,Chilli Guava,Mango Shake (Milkshake),0.4120120337815797
1,Chocolate Shake (Thickshake),Mango Shake (Milkshake),0.41201203378157963
38,Chocolate Shake (Milkshake),Waffles,0.41081374115498737
4,Hazelnut Shake (Milkshake),Wonder Vanilla Shake (Milkshake),0.4105314480741102
5,Classic Lemonade,Dry Fruit Shake (Milkshake),0.41034027161082115
6,Choco Oreo Shake (Milkshake),Chocolate Shake (Milkshake),0.40935609334485734
3,Classic Lemonade,Oreo Brownie Shake (Milkshake),0.40671962215543156
2,Coffee Brownie Shake (Milkshake),Wonder Vanilla Shake (Milkshake),0.4063706563706564
1,Green Apple,Strawberry Shake (Milkshake),0.40516841917661744
1,Chocolate Brownie Shake (Thickshake),Mango Shake (Milkshake),0.40342844974446335
26,Oreo Shake (Milkshake),Waffles,0.39862692203938493
2,Strawberry Banana Shake (Milkshake),Wonder Vanilla Shake (Milkshake),0.39829706717123936
4,Choco-Chip Brownie Shake (Milkshake),Dry Fruit Shake (Milkshake),0.39682318031069996
5,Belgium Dark Chocolate Brownie Shake (Milkshake),Blue Curacao,0.39627259036144574
1,Cad-b,Fruit-A-List Shake (Milkshake),0.3954702014403507
1,Belgium Dark Chocolate Shake (Milkshake),Waffle,0.39419475655430714
2,Banana Shake (Milkshake),Belgium Dark Chocolate Shake (Milkshake),0.39419475655430714
3,Coffee Brownie Shake (Milkshake),Mango Shake (Milkshake),0.3925249781297481
4,Custard Apple (sitaphal),Strawberry Shake (Milkshake),0.39250690607734806
3,Blue Curacao,Strawberry Banana Shake (Milkshake),0.39207367549668876
1,Hazelnut Shake (Milkshake),Nutella Brownie Shake (Thickshake),0.3918709277071052
30,Belgium Dark Chocolate Shake (Milkshake),Cold Coffee,0.39113648772028026
3,Choco-Dip Cookies Shake (Milkshake),Waffles,0.389191965304725
11,Belgium Dark Chocolate Shake (Milkshake),Strawberry Shake (Milkshake),0.3880967161214229
1,Blue Curacao,Oreo Brownie Shake (Thickshake),0.3869485294117647
1,Blue Curacao,Nutella Waffles,0.3869485294117647
1,Cold Coffee,Snickers Shake (Thickshake),0.38679052674561043
1,Cold Coffee,Kitkat Shake (Milkshake),0.38679052674561043
5,Mango Shake (Milkshake),Nutella Brownie Shake (Milkshake),0.3842175711852032
8,Chilli Guava,Waffles,0.38275143632805103
9,Caramel Shake (Milkshake),Waffles,0.38184872067633385
18,Blackcurrant Shake (Milkshake),Waffles,0.3806517027431792
1,Kulfi Nuts Shake (Milkshake),Oreo Shake (Milkshake),0.3799131016042781
1,Blue Curacao,Chocolate Strawberry Shake (Milkshake),0.37950721153846156
12,Blue Curacao,Chocolate Shake (Milkshake),0.37950721153846156
1,Chocolate Brownie Shake (Thickshake),Chocolate Shake (Milkshake),0.3795072115384615
26,Blackcurrant Shake (Milkshake),Cold Coffee,0.3783029603279951
4,Chocolate Shake (Milkshake),Strawberry Cooler,0.37754085292945394
3,Kitkat Shake,Wonder Vanilla Shake (Milkshake),0.37746563060370597
24,Cad-b,Waffles,0.3773982693864
3,Cold Coffee,Cold Coffee Cooler,0.3763367287254588
2,Belgium Dark Chocolate Shake (Thickshake),Blue Curacao,0.37589285714285714
2,Waffles,Wonder Vanilla Shake (Thickshake),0.37477744807121666
3,Cookest N Cream Shake (Milkshake),Waffles,0.3747774480712166
5,Cold Coffee,Oreo Shake (Thickshake),0.37431341297962306
50,Strawberry Shake (Milkshake),Waffles,0.3727068544354641
3,Blue Curacao,Caramel Shake (Milkshake),0.3723466981132076
5,Belgium Dark Chocolate Shake (Milkshake),Cad-b,0.37214190304077943
3,Chocolate Brownie Shake (Milkshake),Classic Lemonade,0.3720663808058657
2,Banana Shake (Milkshake),Wonder Vanilla Shake (Milkshake),0.3712522045855379
1,Waffle,Wonder Vanilla Shake (Milkshake),0.3712522045855379
17,Blue Curacao,Strawberry Shake (Milkshake),0.37070096685082876
5,Classic Lemonade,Wonder Vanilla Shake (Milkshake),0.3658324643726104
1,Blue Curacao,Cookest N Cream Shake (Milkshake),0.3654513888888889
6,Belgium Dark Chocolate Brownie Shake (Thickshake),Waffles,0.3646483278530756
8,Coffee Brownie Shake (Milkshake),Waffles,0.3646483278530756
5,Belgium Dark Chocolate Shake (Milkshake),Oreo Shake (Milkshake),0.36283835546476
3,Chocolate Shake (Milkshake),Strawberry Banana Shake (Milkshake),0.36191416199694343
1,Chilli Guava,Chocolate Brownie Shake (Milkshake),0.3615113061730751
2,Strawberry Shake (Milkshake),Strawberry Shake (Thickshake),0.358863456985004
3,Belgium Dark Chocolate Shake (Thickshake),Strawberry Shake (Milkshake),0.35886345698500394
3,Nutella Brownie Shake (Milkshake),Wonder Vanilla Shake (Milkshake),0.3579931972789116
1,Chocolate Shake (Milkshake),Oreo Brownie Shake (Thickshake),0.357183257918552
1,Cold Coffee,Watermelon,0.3570374093036405
2,Cold Coffee,Snickers Shake (Milkshake),0.3570374093036405
1,Choco-A-List Shake (Milkshake),Cold Coffee,0.3570374093036405
4,Dry Fruit Shake (Milkshake),Wonder Vanilla Shake (Milkshake),0.3569309029249682
69,Cold Coffee,Strawberry Shake (Milkshake),0.35388127750869114
1,Caramel Shake (Milkshake),Oreo Brownie Shake (Milkshake),0.35044395116537175
1,Chocolate Shake (Milkshake),Chocolate Strawberry Shake (Milkshake),0.3503143491124261
12,Caramel Shake (Milkshake),Cold Coffee,0.3503008544111189
2,Coffee Brownie Shake (Milkshake),Oreo Shake (Milkshake),0.34910933660933663
1,Blackcurrent Shake (Milkshake),Strawberry Shake (Milkshake),0.3488950276243094
2,Chocolate Brownie Shake (Milkshake),Hazelnut Shake (Milkshake),0.34793920935429073
20,Choco Oreo Shake (Milkshake),Cold Coffee,0.34767687797358243
3,Chocolate Brownie Shake (Milkshake),Oreo Shake (Milkshake),0.3475438238891154
21,Classic Lemonade,Waffles,0.34468582815308973
1,Banana Shake (Milkshake),Oreo Brownie Shake (Milkshake),0.34395424836601307
6,Cold Coffee,Waffle,0.34381380155165375
1,Choco-Chip Brownie Shake (Thickshake),Classic Lemonade,0.3414436334144364
1,Dry Fruit Shake (Milkshake),Nutella Brownie Shake (Thickshake),0.3407067709738333
4,Coffee Brownie Shake (Milkshake),Strawberry Shake (Milkshake),0.3394654322831119
19,Waffles,Wonder Vanilla Shake (Milkshake),0.33908435777871976
1,Choco-Chip Brownie Shake (Milkshake),Nutella Brownie Shake (Thickshake),0.3377005347593583
17,Choco-Chip Brownie Shake (Milkshake),Waffles,0.337299703264095
1,Banana Crunch Shake (Milkshake),Waffles,0.3372997032640949
1,Blackcurrant Crunch Shake (Milkshake),Waffles,0.3372997032640949
9,Dry Fruit Shake (Milkshake),Strawberry Shake (Milkshake),0.33543616899191764
3,Belgium Dark Chocolate Brownie Shake (Milkshake),Classic Lemonade,0.3332160759827632
1,Biscoff,Cold Coffee,0.33153473721052323
1,Cold Coffee,Ice Crush Coffee,0.33153473721052323
3,Classic Lemonade,Nutella Brownie Shake (Milkshake),0.32924921793534934
28,Blue Curacao,Waffles,0.32793026706231454
24,Choco-Chip Brownie Shake (Milkshake),Cold Coffee,0.3276343285374583
1,Cad-b,Choco-Chip Brownie Shake (Thickshake),0.3271173271173271
2,Banana Shake (Milkshake),Cad-b,0.3271173271173271
4,Chocolate Brownie Shake (Milkshake),Chocolate Shake (Milkshake),0.3267506036564332
5,Strawberry Cooler,Strawberry Shake (Milkshake),0.3253943262817393
4,Choco-Chip Brownie Shake (Milkshake),Classic Lemonade,0.3253756977243453
1,Belgium Dark Chocolate Shake (Milkshake),Nutella Brownie Shake (Thickshake),0.3225229826353422
1,Blackcurrant Shake (Thickshake),Strawberry Shake (Milkshake),0.3220569485762856
28,Mango Shake (Milkshake),Waffles,0.3217850661463257
6,Choco-Chip Brownie Shake (Milkshake),Chocolate Shake (Milkshake),0.32146493212669686
1,Chilli Guava,Nutella Brownie Shake (Milkshake),0.3199088145896657
1,Belgium Dark Chocolate Shake (Thickshake),Choco-Chip Brownie Shake (Milkshake),0.31840336134453784
1,Blue Curacao,Oreo Shake (Thickshake),0.31829637096774194
3,Blackcurrant Shake (Milkshake),Dry Fruit Shake (Milkshake),0.31720975228598275
1,Kitkat Shake,Strawberry Banana Shake (Milkshake),0.3149713209011056
2,Belgium Dark Chocolate Shake (Milkshake),Oreo Brownie Shake (Milkshake),0.3130370125578322
15,Chocolate Brownie Shake (Milkshake),Cold Coffee,0.3122076000637214
3,Belgium Dark Chocolate Brownie Shake (Milkshake),Oreo Shake (Milkshake),0.3112541073384447
4,Belgium Dark Chocolate Brownie Shake (Milkshake),Mango Shake (Milkshake),0.31107735883910426
1,Choco Chip Brownie (Milkshake),Cold Coffee,0.3094324213964884
7,Belgium Dark Chocolate Shake (Thickshake),Cold Coffee,0.3094324213964883
1,Kulfi Shake (Milkshake),Mango Shake (Milkshake),0.30737405694816256
1,Mango (Milkshake),Waffles,0.3066360938764499
1,Mango Shake (Thickshake),Strawberry Shake (Milkshake),0.30634685352378394
1,Belgium Dark Chocolate Brownie Shake (Thickshake),Dry Fruit Shake (Milkshake),0.3038736065442297
1,Chocolate Shake (Milkshake),Hazelnut Shake (Thickshake),0.3036057692307692
2,Cold Coffee,Green Apple,0.29945073038369846
2,Blackcurrant Shake (Milkshake),Kitkat Shake,0.29818601539853884
1,Banana Shake (Milkshake),Kitkat Shake,0.29358437935843795
7,Banana Shake (Milkshake),Waffles,0.29149357072205734
3,Choco Oreo Shake (Milkshake),Oreo Shake (Milkshake),0.29027068437180803
1,Chocolate Shake (Milkshake),Kulfi Shake (Milkshake),0.2891483516483516
1,Fruit-A-List Shake (Milkshake),Mango Shake (Milkshake),0.2890233669811081
1,Oreo Brownie Shake (Milkshake),Strawberry Cooler,0.2887077110637001
1,Belgium Dark Chocolate Brownie Shake (Thickshake),Belgium Dark Chocolate Shake (Milkshake),0.28765563316125115
1,Chilli Pineapple,Strawberry Shake (Milkshake),0.28545956805625317
9,Coffee Brownie Shake (Milkshake),Cold Coffee,0.2822525465440941
1,Mango Shake (Milkshake),Strawberry Shake (Thickshake),0.2766366512533463
1,Cold Coffee,Pineapple,0.27302860711454857
3,Cold Coffee,Nutella Waffles,0.2730286071145485
1,Belgium Dark Chocolate Brownie Shake (Thickshake),Wonder Vanilla Shake (Milkshake),0.27091377091377095
6,Cad-b,Mango Shake (Milkshake),0.27083308514313625
3,Choco-Dip Cookies Shake (Milkshake),Cold Coffee,0.2677780569777304
3,Chilli Guava,Strawberry Shake (Milkshake),0.2672387445633008
1,Coffee Brownie Shake (Thickshake),Strawberry Shake (Milkshake),0.2672387445633008
6,Chocolate Shake (Milkshake),Classic Lemonade,0.2659320606400899
4,Cold Coffee,Strawberry Shake (Thickshake),0.2652277897684186
25,Cold Coffee,Oreo Shake (Milkshake),0.26372081369018896
1,Belgium Dark Chocolate Shake (Thickshake),Classic Lemonade,0.2633993743482795
1,Banana Shake (Milkshake),Choco Oreo Shake (Milkshake),0.26279650436953805
95,Cold Coffee,Waffles,0.26168617239762365
1,Chocolate Brownie Shake (Thickshake),Strawberry Shake (Milkshake),0.26167127071823204
1,Choco-Chip Brownie Shake (Milkshake),Custard Apple (sitaphal),0.2611902573529412
35,Chocolate Shake (Milkshake),Cold Coffee,0.2603397776172378
13,Dry Fruit Shake (Milkshake),Waffles,0.2602312250702216
2,Cad-b,Oreo Brownie Shake (Milkshake),0.2597696421225833
1,Strawberry Banana Shake (Thickshake),Waffles,0.25946131020315
1,Snickers Shake (Milkshake),Waffles,0.25946131020315
2,Cold Coffee,Oreo Banana Shake (Milkshake),0.25786035116374034
16,Cold Coffee,Hazelnut Shake (Milkshake),0.2534600038742567
3,Belgium Dark Chocolate Shake (Milkshake),Wonder Vanilla Shake (Milkshake),0.25341091492776885
1,Blackcurrant Shake (Milkshake),Chilli Guava,0.2527179350363503
3,Waffle,Waffles,0.24985163204747773
3,Blackcurrant Shake (Milkshake),Cad-b,0.24918341846241535
4,Chocolate Shake (Milkshake),Hazelnut Shake (Milkshake),0.24868731950643214
1,Kitkat Shake,Strawberry Cooler,0.24642833915060594
1,Nutella Waffles,Strawberry Shake (Milkshake),0.2462788430289243
8,Cold Coffee,Strawberry Banana Shake (Milkshake),0.24590656005018943
20,Cold Coffee,Wonder Vanilla Shake (Milkshake),0.24558128682260982
2,Cold Coffee,Dates Shake (Milkshake),0.24428875373406975
1,Chocolate Strawberry Shake (Milkshake),Strawberry Shake (Milkshake),0.24154271143221426
1,Choco-Chip Brownie Shake (Thickshake),Mango Shake (Milkshake),0.239068710959682
1,Mango Shake (Milkshake),Waffle,0.239068710959682
2,Blackcurrant Shake (Thickshake),Cold Coffee,0.2380249395357603
1,Belgium Dark Chocolate Brownie Shake (Milkshake),Strawberry Cooler,0.2365316187027904
8,Cad-b,Strawberry Shake (Milkshake),0.2342232353282077
1,Nutella Brownie Shake (Milkshake),Strawberry Cooler,0.2337157660991858
12,Cold Coffee,Kitkat Shake,0.2330453382902423
4,Choco-Chip Brownie Shake (Thickshake),Cold Coffee,0.22920920103443582
10,Cold Coffee,Oreo Brownie Shake (Milkshake),0.22752383926212377
1,Choco-Chip Brownie Shake (Thickshake),Chocolate Shake (Milkshake),0.22489316239316237
28,Cold Coffee,Mango Shake (Milkshake),0.22139968822235964
1,Banana Shake (Milkshake),Blackcurrant Shake (Milkshake),0.2199582027168234
2,Choco-Chip Banana Shake (Milkshake),Cold Coffee,0.21588308469522446
1,Belgium Dark Chocolate Shake (Milkshake),Strawberry Banana Shake (Milkshake),0.2114554654364164
1,Mocha Coffee,Waffles,0.21081231454005933
3,Cad-b,Wonder Vanilla Shake (Milkshake),0.2102897102897103
1,Hazelnut Shake (Thickshake),Strawberry Shake (Milkshake),0.20933701657458564
4,Belgium Dark Chocolate Shake (Milkshake),Chocolate Shake (Milkshake),0.2046780466724287
3,Nutella Brownie Shake (Thickshake),Waffles,0.20442406258429996
11,Cold Coffee,Nutella Brownie Shake (Milkshake),0.2026045616286531
1,Hazelnut Shake (Milkshake),Strawberry Cooler,0.20101151213991408
2,Coffee Brownie Shake (Thickshake),Cold Coffee,0.1975100562105245
1,Choco Oreo Shake (Milkshake),Chocolate Brownie Shake (Milkshake),0.19091046505769133
1,Cad-b,Chilli Guava,0.1879184645142092
1,Fruit-A-List Shake (Milkshake),Strawberry Shake (Milkshake),0.18746598499216627
1,Oreo Banana Shake (Milkshake),Waffles,0.18738872403560833
1,Blackcurrent Shake (Milkshake),Waffles,0.18738872403560833
1,Brownie Nuts Shake (Milkshake),Cold Coffee,0.185659452837893
1,Caramel Shake (Thickshake),Cold Coffee,0.185659452837893
1,Cold Coffee,Kulfi Nuts Shake (Thickshake),0.185659452837893
1,Chocolate Shake (Milkshake),Nutella Brownie Shake (Thickshake),0.18400349650349648
1,Classic Lemonade,Strawberry Banana Shake (Milkshake),0.18315850534151884
2,Cold Coffee,Oreo Brownie Shake (Thickshake),0.18201907140969903
5,Cold Coffee,Custard Apple (sitaphal),0.1813080594120049
3,Cad-b,Oreo Shake (Milkshake),0.18065797838525113
2,Chocolate Shake (Milkshake),Oreo Brownie Shake (Milkshake),0.178591628959276
1,Belgium Dark Chocolate Brownie Shake (Thickshake),Blue Curacao,0.17778716216216217
3,Blue Curacao,Dry Fruit Shake (Milkshake),0.1756769287833828
1,Dry Fruit Shake (Milkshake),Strawberry Cooler,0.17476668562906475
1,Belgium Dark Chocolate Shake (Thickshake),Chocolate Shake (Milkshake),0.17348901098901096
6,Banana Shake (Milkshake),Cold Coffee,0.17190690077582688
4,Cad-b,Chocolate Shake (Milkshake),0.16984938138784292
2,Coffee Shake (Thickshake),Cold Coffee,0.16878132076172095
4,Belgium Dark Chocolate Brownie Shake (Thickshake),Cold Coffee,0.16726076832242615
1,Cad-b,Caramel Shake (Milkshake),0.16664467607863834
3,Belgium Dark Chocolate Shake (Milkshake),Blue Curacao,0.16630091292134833
1,Dry Fruit Shake (Milkshake),Oreo Brownie Shake (Milkshake),0.16534299179612497
1,Mango Shake (Thickshake),Waffles,0.1645364406166317
1,Dry Fruit Shake (Thickshake),Waffles,0.1645364406166317
2,Blackcurrant Shake (Milkshake),Oreo Shake (Milkshake),0.16196922200056998
1,Strawberry Cooler,Wonder Vanilla Shake (Milkshake),0.15581051073279054
11,Cold Coffee,Dry Fruit Shake (Milkshake),0.15150252086178215
8,Belgium Dark Chocolate Brownie Shake (Milkshake),Cold Coffee,0.14912405850433175
1,Blueberry,Cold Coffee,0.1450464475296039
2,Chocolate Shake (Milkshake),Nutella Brownie Shake (Milkshake),0.1445741758241758
1,Belgium Dark Chocolate Shake (Milkshake),Chocolate Brownie Shake (Milkshake),0.1431828487932685
3,Cold Coffee,Nutella Brownie Shake (Thickshake),0.14065110063476743
2,Cold Coffee,Fruit-A-List Shake (Milkshake),0.13855183047603958
2,Cold Coffee,Kulfi Nuts Shake (Milkshake),0.13651430355727429
1,Belgium Dark Chocolate Brownie Shake (Milkshake),Dry Fruit Shake (Milkshake),0.13546172821851202
1,Oreo Shake (Milkshake),Strawberry Cooler,0.13385539331135188
1,Chilli Guava,Chocolate Shake (Milkshake),0.12919394435351883
1,Blackcurrent Shake (Milkshake),Cold Coffee,0.12893017558187017
2,Belgium Dark Chocolate Shake (Thickshake),Waffles,0.12849512505298855
1,Nutella Brownie Shake (Thickshake),Strawberry Shake (Milkshake),0.1268709191361125
1,Dry Fruit Shake (Milkshake),Hazelnut Shake (Milkshake),0.11511935264986177
1,Cold Coffee,Dry Fruit Shake (Thickshake),0.11320698343773965
1,Cold Coffee,Mango Shake (Thickshake),0.11320698343773965
1,Cold Coffee,Red Velvet Shake,0.11320698343773965
1,Choco Oreo Shake (Thickshake),Cold Coffee,0.10794154234761223
1,Choco Oreo Shake (Milkshake),Classic Lemonade,0.1035840236201099
1,Fruit-A-List Shake (Milkshake),Waffles,0.10068647858629699
1,Chocolate Shake (Thickshake),Cold Coffee,0.09875502810526225
1,Cold Coffee,Cookest N Cream Shake (Milkshake),0.08595345038791342
1,Cold Coffee,Kulfi Shake (Milkshake),0.07367438604678295
1,Belgium Dark Chocolate Brownie Shake (Milkshake),Chocolate Shake (Milkshake),0.07315801668211305
